section_code,section_name,category,item_type,seq,description,quantity,unit,material_amount,labor_amount,total_amount
A,A. งานโครงสร้าง,"Cable 1/2""",detail,1.1,เสาเข็มเจาะ ระบบ dry process ขนาด 0.35 x 21.00 ม. (6 เส้น 12 มม. @0.15),18.0,ต้น,333000.0,0.0,333000.0
A,A. งานโครงสร้าง,"Cable 1/2""",detail,1.2,ค่าสกัดหัวเสาเข็มเจาะ ขนาด 0.35 ม,18.0,ต้น,0.0,6300.0,6300.0
A,A. งานโครงสร้าง,"Cable 1/2""",detail,1.3,Seismic test,18.0,ต้น,5400.0,0.0,5400.0
A,A. งานโครงสร้าง,"Cable 1/2""",detail,1.1,Dynamic test,1.0,ต้้น,28500.0,0.0,28500.0
A,A. งานโครงสร้าง,"Cable 1/2""",detail,1.2,เจาะสำรวจชั้นดินเพื่อรับรองความลึกของเสาเข็ม,1.0,หลุม,6000.0,0.0,6000.0
A,A. งานโครงสร้าง,"Cable 1/2""",detail,1.4,งานขุดดินและถมกลับ,49.0,ลบ.ม.,0.0,6958.0,6958.0
A,A. งานโครงสร้าง,"Cable 1/2""",detail,1.5,ทรายหยาบ,0.6479999999999999,ลบ.ม.,330.47999999999996,67.392,397.87199999999996
A,A. งานโครงสร้าง,"Cable 1/2""",detail,1.6,คอนกรีตหยาบ,0.6479999999999999,ลบ.ม.,1594.0799999999997,276.04799999999994,1870.1279999999997
A,A. งานโครงสร้าง,"Cable 1/2""",detail,1.7,คอนกรีตโครงสร้าง 240 ksc. (Cylinder),44.35,ลบ.ม.,111185.45,18582.65,129768.1
A,A. งานโครงสร้าง,"Cable 1/2""",detail,1.8,งานเหล็กเสริมคอนกรีต,0.0,,0.0,0.0,0.0
A,A. งานโครงสร้าง,"Cable 1/2""",detail,1.3,เหล็กเส้น RB6 ( 0.222 kg/m ) SR24,220.446,กก.,4863.713999999999,969.9624000000001,5833.676399999999
A,A. งานโครงสร้าง,"Cable 1/2""",detail,1.4,เหล็กเส้น RB9 ( 0.499 kg/m ) SR24,828.839,กก.,18111.544,3646.8916000000004,21758.4356
A,A. งานโครงสร้าง,"Cable 1/2""",detail,1.5,เหล็กเส้น DB12 ( 0.888 kg/m ) SD40 (Non-T),276.5232,กก.,6217.100999999999,995.4835199999999,7212.5845199999985
A,A. งานโครงสร้าง,"Cable 1/2""",detail,1.6,เหล็กเส้น DB16 ( 1.58 kg/m ) SD40 (Non-T),2132.052,กก.,47483.41919391635,7675.387200000001,55158.806393916355
A,A. งานโครงสร้าง,"Cable 1/2""",detail,1.7,เหล็กเส้น DB20 ( 2.47 kg/m ) SD40 (Non-T),1726.53,กก.,38452.049525547445,6215.508,44667.55752554745
A,A. งานโครงสร้าง,"Cable 1/2""",detail,1.9,Wire mesh 4 mm. # 0.20 m,184.22,ตร.ม.,5895.04,921.1,6816.14
A,A. งานโครงสร้าง,"Cable 1/2""",detail,1.8,+ steel key 6mm. #0.40 m. /w Epoxy glue,184.22,ตร.ม.,16671.91,4973.94,21645.85
A,A. งานโครงสร้าง,"Cable 1/2""",detail,1.10,ลวดผูกเหล็ก,104.0,กก.,2922.4,0.0,2922.4
A,A. งานโครงสร้าง,"Cable 1/2""",detail,1.11,ไม้แบบทั่วไป อาคารชั้นเดียว (คิด 80%),125.99999999999999,ตร.ม.,36539.99999999999,0.0,36539.99999999999
A,A. งานโครงสร้าง,"Cable 1/2""",detail,1.12,ค่าแรงไม้แบบ,180.0,ตร.ม.,0.0,25020.0,25020.0
A,A. งานโครงสร้าง,"Cable 1/2""",detail,1.13,ไม้คร่าว ยึดไม้แบบ,38.0,ตร.ม.,11020.0,0.0,11020.0
A,A. งานโครงสร้าง,"Cable 1/2""",detail,1.14,ตะปูยึดไม้แบบ,41.0,กก.,1927.0,0.0,1927.0
A,A. งานโครงสร้าง,"Cable 1/2""",detail,1.15,งานทางลาดคอนกรีตภายนอก,0.0,,0.0,0.0,0.0
A,A. งานโครงสร้าง,"Cable 1/2""",detail,1.9,คอนกรีตหยาบ,0.684,ลบ.ม.,1682.64,291.384,1974.0240000000001
A,A. งานโครงสร้าง,"Cable 1/2""",detail,1.10,Wire mesh 4 mm. # 0.20 m,5.02,ตร.ม.,160.64,25.099999999999998,185.73999999999998
A,A. งานโครงสร้าง,"Cable 1/2""",detail,2.1,งานโครงสร้างส่วนต่อเติม,0.0,,0.0,0.0,0.0
A,A. งานโครงสร้าง,"Cable 1/2""",detail,2.1.1,เสา H 200x200x8x12 mm (49.9 กก./ม.),2694.6,กก.,67095.54,32335.199999999997,99430.73999999999
A,A. งานโครงสร้าง,"Cable 1/2""",detail,2.1.2,คาน H 400x200x8x13 mm (66.0 กก./ม.),6356.13,กก.,158275.34139999998,76273.56,234548.90139999997
A,A. งานโครงสร้าง,"Cable 1/2""",detail,2.1.3,เหล็กฉาก 100x100x10mm (14.8 กก./ม.),364.67,กก.,8386.59418344519,3646.7000000000003,12033.29418344519
A,A. งานโครงสร้าง,"Cable 1/2""",detail,2.1.4,Stiffener 10 mm,96.0,ชิ้น,2880.0,0.0,2880.0
A,A. งานโครงสร้าง,"Cable 1/2""",detail,2.1.5,เหล็กกล่อง 150x150x4.5mm (20.15 กก./ม.),4282.28,กก.,92594.18752527473,42822.799999999996,135416.98752527472
A,A. งานโครงสร้าง,"Cable 1/2""",detail,2.1.6,เหล็กกล่อง 100x50x2.3mm (5.14 กก./ม.),488.51,กก.,10253.8249,4885.1,15138.9249
A,A. งานโครงสร้าง,"Cable 1/2""",detail,2.1.7,เหล็กกล่อง 38x38x2.3mm (2.47 กก./ม.),717.29,กก.,15055.917099999999,7172.9,22228.8171
A,A. งานโครงสร้าง,"Cable 1/2""",detail,2.1.8,Plate 300x300x25 เจาะรู,18.0,ชิ้น,20664.0,0.0,20664.0
A,A. งานโครงสร้าง,"Cable 1/2""",detail,2.1.9,Chemical Bolt @ 4M16,72.0,จุด,6408.0,2520.0,8928.0
A,A. งานโครงสร้าง,"Cable 1/2""",detail,2.1.10,ทาสีกันสนิม + ทาสีน้ำมัน 2 รอบ (Rust tect + glipton ),591.0,ตร.ม.,36642.0,20685.0,57327.0
A,A. งานโครงสร้าง,"Cable 1/2""",detail,2.2,งานโครงสร้างรางน้ำ,0.0,,0.0,0.0,0.0
A,A. งานโครงสร้าง,"Cable 1/2""",detail,2.2.1,เหล็กกล่อง 50x50x3.2 mm (4.50 กก./ม.),1865.0,กก.,39146.35,15815.2,54961.55
A,A. งานโครงสร้าง,"Cable 1/2""",detail,2.2.2,ทาสีกันสนิม + ทาสีน้ำมัน 2 รอบ (Rust tect + glipton ),663.0,ตร.ม.,41106.0,23205.0,64311.0
A,A. งานโครงสร้าง,"Cable 1/2""",detail,2.3,งานโครงหลังคาและฝ้า ส่วนต่อเติม,0.0,,0.0,0.0,0.0
A,A. งานโครงสร้าง,"Cable 1/2""",detail,2.2,เหล็กกล่อง 100x50x3.2mm (7.01 กก./ม.),2068.0,กก.,43407.32,21472.0,64879.32
A,A. งานโครงสร้าง,"Cable 1/2""",detail,2.3,PU Foam Spray 750ml,41.0,หลอด,10250.0,0.0,10250.0
A,A. งานโครงสร้าง,"Cable 1/2""",detail,2.4,ทาสีกันสนิม + ทาสีน้ำมัน 2 รอบ (Rust tect + glipton ),177.0,ตร.ม.,10974.0,6195.0,17169.0
A,A. งานโครงสร้าง,"Cable 1/2""",detail,3.1,งานไม้ประสานกาวเรียงไม้แบบขนานลายไม้ หรือ Glued laminated timber,0.0,,0.0,0.0,0.0
A,A. งานโครงสร้าง,"Cable 1/2""",detail,3.1.1,คาน B3 Glulam 200 มม.x400 มม. ยาว 1.90 ม,20.0,ท่อน,129153.02399999999,21450.240000000005,150603.264
A,A. งานโครงสร้าง,"Cable 1/2""",detail,3.1.2,คาน B3 Glulam 200 มม.x400 มม. ยาว 3.00 ม,8.0,ท่อน,102784.2816,17160.192000000003,119944.4736
A,A. งานโครงสร้าง,"Cable 1/2""",detail,3.1.3,คาน B3 Glulam 200 มม.x400 มม. ยาว 8.10 ม,4.0,ท่อน,109241.9328,18289.152000000002,127531.0848
A,A. งานโครงสร้าง,"Cable 1/2""",detail,3.1.4,คาน B3 Glulam 200 มม.x400 มม. ยาว 5.80 ม,9.0,ท่อน,176172.7968,29465.856,205638.6528
A,A. งานโครงสร้าง,"Cable 1/2""",detail,3.1.5,คาน B4 Glulam 200 มม.x500 มม. ยาว 4.00 ม,6.0,ท่อน,101405.30399999999,16934.4,118339.704
A,A. งานโครงสร้าง,"Cable 1/2""",detail,3.1.6,คาน B5 Glulam 200 มม.x400 มม. ยาว 4.00 ม,8.0,ท่อน,108165.65759999999,18063.36,126229.01759999999
A,A. งานโครงสร้าง,"Cable 1/2""",detail,3.1.7,คาน B6 Glulam 200 มม.x400 มม. ยาว 4.00 ม,8.0,ท่อน,108165.65759999999,18063.36,126229.01759999999
A,A. งานโครงสร้าง,"Cable 1/2""",detail,3.1.8,คาน B7 Glulam 300 มม.x700 มม. ยาว 5.60 ม,3.0,ท่อน,144343.18079999997,24893.568,169236.74879999997
A,A. งานโครงสร้าง,"Cable 1/2""",detail,3.1.9,เสา C3 Glulam 200 มม.x400 มม. ยาว 3.28 ม,9.0,ท่อน,99891.792,16663.4496,116555.24160000001
A,A. งานโครงสร้าง,"Cable 1/2""",detail,3.1.10,เสา C3 Glulam 200 มม.x400 มม. ยาว 3.84 ม,9.0,ท่อน,99891.792,16663.4496,116555.24160000001
A,A. งานโครงสร้าง,"Cable 1/2""",detail,3.1.11,เสา C4 Glulam 200 มม.x200 มม. ยาว 2.50 ม,28.0,ท่อน,118659.3408,19756.8,138416.1408
A,A. งานโครงสร้าง,"Cable 1/2""",detail,3.1.12,เสา C4 Glulam 200 มม.x200 มม. ยาว 1.45 ม,6.0,ท่อน,14832.417599999999,2455.488,17287.9056
A,A. งานโครงสร้าง,"Cable 1/2""",detail,3.1.13,เสา C4 Glulam 200 มม.x200 มม. ยาว 0.45 ม,8.0,ท่อน,6323.1168,1016.064,7339.1808
A,A. งานโครงสร้าง,"Cable 1/2""",detail,3.2,งานไม้ประสานกาวเรียงไม้แบบขวางลายไม้ หรือ Cross laminate timber,0.0,,0.0,0.0,0.0
A,A. งานโครงสร้าง,"Cable 1/2""",detail,3.2.1,ผนัง P1-1 CLT 1800x100 มม. ยาว 3.80 ม,5.0,ท่อน,136491.264,24801.840000000004,161293.104
A,A. งานโครงสร้าง,"Cable 1/2""",detail,3.2.2,ผนัง P1-2 CLT 500x100 มม. ยาว 3.80 ม,8.0,ท่อน,59146.2144,10442.88,69589.0944
A,A. งานโครงสร้าง,"Cable 1/2""",detail,3.2.3,ผนัง P1-3 CLT 1900x100 มม. ยาว 2.50 ม,4.0,ท่อน,73969.4592,13406.4,87375.85919999999
A,A. งานโครงสร้าง,"Cable 1/2""",detail,3.2.4,พื้น PF1 CLT 200 มม.x500 มม. ยาว 4.00 ม,24.0,ท่อน,383496.42240000004,67737.6,451234.0224
A,A. งานโครงสร้าง,"Cable 1/2""",detail,3.2.5,พื้น PF2 CLT 150 มม.x500 มม. ยาว 2.85 ม,32.0,ท่อน,273789.7344,48263.04,322052.7744
A,A. งานโครงสร้าง,"Cable 1/2""",detail,3.1,หมายเหตุ,0.0,,0.0,0.0,0.0
A,A. งานโครงสร้าง,"Cable 1/2""",detail,3.2,งานไม้ประสานกาว ใช้ไม้ประสาน และกาว PU ทนน้ำ ไม่ลามไฟ ตามมาตรฐานที่กำหนดในแบบ,0.0,,0.0,0.0,0.0
A,A. งานโครงสร้าง,"Cable 1/2""",detail,3.3,รวมค่างานขัดแต่งผิว งานน้ำยาป้องกันปลวกและเชื้อรา งานน้ำยารักษาเนื้อไม้ งานห่อป้องกันการขูดขีด,0.0,,0.0,0.0,0.0
A,A. งานโครงสร้าง,"Cable 1/2""",detail,3.4,รวมค่าแรงผลิตและติดตั้งไม้,0.0,,0.0,0.0,0.0
A,A. งานโครงสร้าง,"Cable 1/2""",detail,3.3,อุปกรณ์ประกอบเพลทโลหะและติดตั้ง,0.0,,0.0,0.0,0.0
A,A. งานโครงสร้าง,"Cable 1/2""",detail,3.3.1,JF1,14.0,ชุด,52124.32003333334,18243.512011666666,70367.832045
A,A. งานโครงสร้าง,"Cable 1/2""",detail,3.5,เหล็กเพลาขาว 16 มม. เกรด SS400 ยาว 6 เมตร (1.62กก./ม.),1.3,ม.,0.0,0.0,0.0
A,A. งานโครงสร้าง,"Cable 1/2""",detail,3.6,ค่าแรงต๊าฟเกลียวใน (Die tap) ขนาด M16,0.2,ม.,0.0,0.0,0.0
A,A. งานโครงสร้าง,"Cable 1/2""",detail,3.7,Hex Nut M16+Washer S45C + Washer Spring 4.2 mm,4.0,จุด,0.0,0.0,0.0
A,A. งานโครงสร้าง,"Cable 1/2""",detail,3.8,Steel Plate thk 16 mm,48.57,กก.,0.0,0.0,0.0
A,A. งานโครงสร้าง,"Cable 1/2""",detail,3.9,Dowell DB 32 lenght 30 cm,0.6,ม.,0.0,0.0,0.0
A,A. งานโครงสร้าง,"Cable 1/2""",detail,3.10,Chemical Anchor M20 length 240 mm,4.0,จุด,0.0,0.0,0.0
A,A. งานโครงสร้าง,"Cable 1/2""",detail,3.11,งานชุบกัลวาไนซ์,1.0,งาน,0.0,0.0,0.0
A,A. งานโครงสร้าง,"Cable 1/2""",detail,3.3.2,JF2,8.0,ชุด,24105.26908888889,8436.844181111112,32542.11327
A,A. งานโครงสร้าง,"Cable 1/2""",detail,3.12,เหล็กเพลาขาว 16 มม. เกรด SS400 ยาว 6 เมตร (1.62กก./ม.),3.89,ม.,0.0,0.0,0.0
A,A. งานโครงสร้าง,"Cable 1/2""",detail,3.13,ค่าแรงต๊าฟเกลียวใน (Die tap) ขนาด M16,0.6,ม.,0.0,0.0,0.0
A,A. งานโครงสร้าง,"Cable 1/2""",detail,3.14,Hex Nut M16+Washer S45C + Washer Spring 4.2 mm,12.0,จุด,0.0,0.0,0.0
A,A. งานโครงสร้าง,"Cable 1/2""",detail,3.15,Anchor nail M6 length 65 mm,32.0,จุด,0.0,0.0,0.0
A,A. งานโครงสร้าง,"Cable 1/2""",detail,3.16,Screw Anchor dia.18 mm. 90 mm.length,9.0,จุด,0.0,0.0,0.0
A,A. งานโครงสร้าง,"Cable 1/2""",detail,3.17,Steel Plate thk 16 mm. + Steel Stiffener Plate thk 8 mm,57.309999999999995,กก.,0.0,0.0,0.0
A,A. งานโครงสร้าง,"Cable 1/2""",detail,3.18,งานชุบกัลวาไนซ์,1.0,งาน,0.0,0.0,0.0
A,A. งานโครงสร้าง,"Cable 1/2""",detail,3.3.3,JF3,6.0,ชุด,6052.323433333333,2118.3132016666664,8170.636634999999
A,A. งานโครงสร้าง,"Cable 1/2""",detail,3.19,เหล็กเพลาขาว 16 มม. เกรด SS400 ยาว 6 เมตร (1.62กก./ม.),2.59,ม.,0.0,0.0,0.0
A,A. งานโครงสร้าง,"Cable 1/2""",detail,3.20,ค่าแรงต๊าฟเกลียวใน (Die tap) ขนาด M16,0.4,ม.,0.0,0.0,0.0
A,A. งานโครงสร้าง,"Cable 1/2""",detail,3.21,Hex Nut M16+Washer S45C + Washer Spring 4.2 mm,8.0,จุด,0.0,0.0,0.0
A,A. งานโครงสร้าง,"Cable 1/2""",detail,3.22,Washer M16 ดำหนา S45C (17-32-4.5),8.0,จุด,0.0,0.0,0.0
A,A. งานโครงสร้าง,"Cable 1/2""",detail,3.23,Washer Spring M16 ความหนา 4.2 mm,8.0,จุด,0.0,0.0,0.0
A,A. งานโครงสร้าง,"Cable 1/2""",detail,3.24,Steel Plate thk 16 mm,16.19,กก.,0.0,0.0,0.0
A,A. งานโครงสร้าง,"Cable 1/2""",detail,3.25,งานชุบกัลวาไนซ์,1.0,งาน,0.0,0.0,0.0
A,A. งานโครงสร้าง,"Cable 1/2""",detail,3.3.4,JF4,14.0,ชุด,17700.64768888889,6195.226691111111,23895.87438
A,A. งานโครงสร้าง,"Cable 1/2""",detail,3.26,เหล็กเพลาขาว 16 มม. เกรด SS400 ยาว 6 เมตร (1.62กก./ม.),5.18,ม.,0.0,0.0,0.0
A,A. งานโครงสร้าง,"Cable 1/2""",detail,3.27,ค่าแรงต๊าฟเกลียวใน (Die tap) ขนาด M16,0.8,ม.,0.0,0.0,0.0
A,A. งานโครงสร้าง,"Cable 1/2""",detail,3.28,Hex Nut M16+Washer S45C + Washer Spring 4.2 mm,16.0,จุด,0.0,0.0,0.0
A,A. งานโครงสร้าง,"Cable 1/2""",detail,3.29,Steel Plate thk 16 mm,12.95,กก.,0.0,0.0,0.0
A,A. งานโครงสร้าง,"Cable 1/2""",detail,3.30,งานชุบกัลวาไนซ์,1.0,งาน,0.0,0.0,0.0
A,A. งานโครงสร้าง,"Cable 1/2""",detail,3.3.5,JF5,4.0,ชุด,5559.400688888889,1945.790241111111,7505.19093
A,A. งานโครงสร้าง,"Cable 1/2""",detail,3.31,เหล็กเพลาขาว 16 มม. เกรด SS400 ยาว 6 เมตร (1.62กก./ม.),5.18,ม.,0.0,0.0,0.0
A,A. งานโครงสร้าง,"Cable 1/2""",detail,3.32,ค่าแรงต๊าฟเกลียวใน (Die tap) ขนาด M16,0.8,ม.,0.0,0.0,0.0
A,A. งานโครงสร้าง,"Cable 1/2""",detail,3.33,Hex Nut M16+Washer S45C + Washer Spring 4.2 mm,16.0,จุด,0.0,0.0,0.0
A,A. งานโครงสร้าง,"Cable 1/2""",detail,3.34,Steel Plate thk 16 mm,16.19,กก.,0.0,0.0,0.0
A,A. งานโครงสร้าง,"Cable 1/2""",detail,3.35,งานชุบกัลวาไนซ์,1.0,งาน,0.0,0.0,0.0
A,A. งานโครงสร้าง,"Cable 1/2""",detail,3.3.6,JF6,14.0,ชุด,12364.833288888889,4327.69165111111,16692.52494
A,A. งานโครงสร้าง,"Cable 1/2""",detail,3.36,เหล็กเพลาขาว 16 มม. เกรด SS400 ยาว 6 เมตร (1.62กก./ม.),2.59,ม.,0.0,0.0,0.0
A,A. งานโครงสร้าง,"Cable 1/2""",detail,3.37,ค่าแรงต๊าฟเกลียวใน (Die tap) ขนาด M16,0.4,ม.,0.0,0.0,0.0
A,A. งานโครงสร้าง,"Cable 1/2""",detail,3.38,Hex Nut M16+Washer S45C + Washer Spring 4.2 mm,8.0,จุด,0.0,0.0,0.0
A,A. งานโครงสร้าง,"Cable 1/2""",detail,3.39,Steel Plate thk 16 mm,12.95,กก.,0.0,0.0,0.0
A,A. งานโครงสร้าง,"Cable 1/2""",detail,3.40,งานชุบกัลวาไนซ์,1.0,งาน,0.0,0.0,0.0
A,A. งานโครงสร้าง,"Cable 1/2""",detail,3.3.7,JF7,4.0,ชุด,2659.5139222222224,930.8298727777777,3590.3437950000002
A,A. งานโครงสร้าง,"Cable 1/2""",detail,3.41,เหล็กเพลาขาว 16 มม. เกรด SS400 ยาว 6 เมตร (1.62กก./ม.),1.3,ม.,0.0,0.0,0.0
A,A. งานโครงสร้าง,"Cable 1/2""",detail,3.42,ค่าแรงต๊าฟเกลียวใน (Die tap) ขนาด M16,0.2,ม.,0.0,0.0,0.0
A,A. งานโครงสร้าง,"Cable 1/2""",detail,3.43,Hex Nut M16+Washer S45C + Washer Spring 4.2 mm,4.0,จุด,0.0,0.0,0.0
A,A. งานโครงสร้าง,"Cable 1/2""",detail,3.44,Screw Anchor dia.18 mm. 90 mm.length,6.0,จุด,0.0,0.0,0.0
A,A. งานโครงสร้าง,"Cable 1/2""",detail,3.45,Steel Plate thk 16 mm,11.33,กก.,0.0,0.0,0.0
A,A. งานโครงสร้าง,"Cable 1/2""",detail,3.46,งานชุบกัลวาไนซ์,1.0,งาน,0.0,0.0,0.0
A,A. งานโครงสร้าง,"Cable 1/2""",detail,3.3.8,JF8,4.0,ชุด,9246.94611111111,3236.4311388888887,12483.37725
A,A. งานโครงสร้าง,"Cable 1/2""",detail,3.47,Anchor nail M6 length 65 mm,134.0,จุด,0.0,0.0,0.0
A,A. งานโครงสร้าง,"Cable 1/2""",detail,3.48,Steel Plate thk 16 mm,42.09,กก.,0.0,0.0,0.0
A,A. งานโครงสร้าง,"Cable 1/2""",detail,3.49,งานชุบกัลวาไนซ์,1.0,งาน,0.0,0.0,0.0
A,A. งานโครงสร้าง,"Cable 1/2""",detail,3.3.9,JF9,16.0,ชุด,21314.619999999995,7460.1169999999975,28774.736999999994
A,A. งานโครงสร้าง,"Cable 1/2""",detail,3.50,Screw Anchor dia.18 mm. 90 mm.length,6.0,จุด,0.0,0.0,0.0
A,A. งานโครงสร้าง,"Cable 1/2""",detail,3.51,Anchor nail M6 length 65 mm,32.0,จุด,0.0,0.0,0.0
A,A. งานโครงสร้าง,"Cable 1/2""",detail,3.52,Steel Plate thk 16 mm,29.14,กก.,0.0,0.0,0.0
A,A. งานโครงสร้าง,"Cable 1/2""",detail,3.53,งานชุบกัลวาไนซ์,1.0,งาน,0.0,0.0,0.0
A,A. งานโครงสร้าง,"Cable 1/2""",detail,3.3.10,JF10,2.0,ชุด,7502.838955555557,2625.9936344444445,10128.832590000002
A,A. งานโครงสร้าง,"Cable 1/2""",detail,3.54,เหล็กเพลาขาว 16 มม. เกรด SS400 ยาว 6 เมตร (1.62กก./ม.),5.18,ม.,0.0,0.0,0.0
A,A. งานโครงสร้าง,"Cable 1/2""",detail,3.55,ค่าแรงต๊าฟเกลียวใน (Die tap) ขนาด M16,0.8,ม.,0.0,0.0,0.0
A,A. งานโครงสร้าง,"Cable 1/2""",detail,3.56,Hex Nut M16+Washer S45C + Washer Spring 4.2 mm,16.0,จุด,0.0,0.0,0.0
A,A. งานโครงสร้าง,"Cable 1/2""",detail,3.57,Anchor nail M6 length 65 mm,48.0,จุด,0.0,0.0,0.0
A,A. งานโครงสร้าง,"Cable 1/2""",detail,3.58,Steel Plate thk 16 mm,71.23,กก.,0.0,0.0,0.0
A,A. งานโครงสร้าง,"Cable 1/2""",detail,3.59,งานชุบกัลวาไนซ์,1.0,งาน,0.0,0.0,0.0
A,A. งานโครงสร้าง,"Cable 1/2""",detail,3.3.11,JE1,2.0,ชุด,11371.5377,3980.038195,15351.575895000002
A,A. งานโครงสร้าง,"Cable 1/2""",detail,3.60,เหล็กเพลาขาว 16 มม. เกรด SS400 ยาว 6 เมตร (1.62กก./ม.),15.55,ม.,0.0,0.0,0.0
A,A. งานโครงสร้าง,"Cable 1/2""",detail,3.61,ค่าแรงต๊าฟเกลียวใน (Die tap) ขนาด M16,2.4,ม.,0.0,0.0,0.0
A,A. งานโครงสร้าง,"Cable 1/2""",detail,3.62,Hex Nut M16+Washer S45C + Washer Spring 4.2 mm,48.0,จุด,0.0,0.0,0.0
A,A. งานโครงสร้าง,"Cable 1/2""",detail,3.63,Steel Plate thk 16 mm,87.42,จุด,0.0,0.0,0.0
A,A. งานโครงสร้าง,"Cable 1/2""",detail,3.64,งานชุบกัลวาไนซ์,1.0,งาน,0.0,0.0,0.0
A,A. งานโครงสร้าง,"Cable 1/2""",detail,3.3.12,JE2,2.0,ชุด,11748.092283333335,4111.832299166667,15859.924582500003
A,A. งานโครงสร้าง,"Cable 1/2""",detail,3.65,เหล็กเพลาขาว 16 มม. เกรด SS400 ยาว 6 เมตร (1.62กก./ม.),15.55,ม.,0.0,0.0,0.0
A,A. งานโครงสร้าง,"Cable 1/2""",detail,3.66,ค่าแรงต๊าฟเกลียวใน (Die tap) ขนาด M16,2.4,ม.,0.0,0.0,0.0
A,A. งานโครงสร้าง,"Cable 1/2""",detail,3.67,Hex Nut M16+Washer S45C + Washer Spring 4.2 mm,48.0,จุด,0.0,0.0,0.0
A,A. งานโครงสร้าง,"Cable 1/2""",detail,3.68,Steel Plate thk 16 mm,92.28,กก.,0.0,0.0,0.0
A,A. งานโครงสร้าง,"Cable 1/2""",detail,3.69,งานชุบกัลวาไนซ์,1.0,งาน,0.0,0.0,0.0
A,A. งานโครงสร้าง,"Cable 1/2""",detail,3.3.13,JE3,4.0,ชุด,6377.093188888889,2231.982616111111,8609.075805
A,A. งานโครงสร้าง,"Cable 1/2""",detail,3.70,เหล็กเพลาขาว 16 มม. เกรด SS400 ยาว 6 เมตร (1.62กก./ม.),5.18,ม.,0.0,0.0,0.0
A,A. งานโครงสร้าง,"Cable 1/2""",detail,3.71,ค่าแรงต๊าฟเกลียวใน (Die tap) ขนาด M16,0.8,ม.,0.0,0.0,0.0
A,A. งานโครงสร้าง,"Cable 1/2""",detail,3.72,Hex Nut M16+Washer S45C + Washer Spring 4.2 mm,16.0,จุด,0.0,0.0,0.0
A,A. งานโครงสร้าง,"Cable 1/2""",detail,3.73,Steel Plate thk 16 mm. + Steel Stiffener Plate thk 8 mm,21.37,กก.,0.0,0.0,0.0
A,A. งานโครงสร้าง,"Cable 1/2""",detail,3.74,งานชุบกัลวาไนซ์,1.0,งาน,0.0,0.0,0.0
A,A. งานโครงสร้าง,"Cable 1/2""",detail,3.3.14,JE4,4.0,ชุด,6693.639455555555,2342.7738094444444,9036.413265
A,A. งานโครงสร้าง,"Cable 1/2""",detail,3.75,เหล็กเพลาขาว 16 มม. เกรด SS400 ยาว 6 เมตร (1.62กก./ม.),5.83,ม.,0.0,0.0,0.0
A,A. งานโครงสร้าง,"Cable 1/2""",detail,3.76,ค่าแรงต๊าฟเกลียวใน (Die tap) ขนาด M16,0.9,ม.,0.0,0.0,0.0
A,A. งานโครงสร้าง,"Cable 1/2""",detail,3.77,Hex Nut M16+Washer S45C + Washer Spring 4.2 mm,18.0,จุด,0.0,0.0,0.0
A,A. งานโครงสร้าง,"Cable 1/2""",detail,3.78,Steel Plate thk 16 mm,21.05,กก.,0.0,0.0,0.0
A,A. งานโครงสร้าง,"Cable 1/2""",detail,3.79,งานชุบกัลวาไนซ์,1.0,งาน,0.0,0.0,0.0
A,A. งานโครงสร้าง,"Cable 1/2""",detail,3.3.15,JE5,7.0,ชุด,53976.45740277777,18891.76009097222,72868.21749375
A,A. งานโครงสร้าง,"Cable 1/2""",detail,3.80,เหล็กเพลาขาว 16 มม. เกรด SS400 ยาว 6 เมตร (1.62กก./ม.),19.44,ม.,0.0,0.0,0.0
A,A. งานโครงสร้าง,"Cable 1/2""",detail,3.81,ค่าแรงต๊าฟเกลียวใน (Die tap) ขนาด M16,3.0,ม.,0.0,0.0,0.0
A,A. งานโครงสร้าง,"Cable 1/2""",detail,3.82,Hex Nut M16+Washer S45C + Washer Spring 4.2 mm,60.0,จุด,0.0,0.0,0.0
A,A. งานโครงสร้าง,"Cable 1/2""",detail,3.83,Steel Plate thk 16 mm,124.66,กก.,0.0,0.0,0.0
A,A. งานโครงสร้าง,"Cable 1/2""",detail,3.84,งานชุบกัลวาไนซ์,1.0,งาน,0.0,0.0,0.0
A,A. งานโครงสร้าง,"Cable 1/2""",detail,3.3.16,JE6,7.0,ชุด,55294.39844444444,19353.039455555554,74647.43789999999
A,A. งานโครงสร้าง,"Cable 1/2""",detail,3.85,เหล็กเพลาขาว 16 มม. เกรด SS400 ยาว 6 เมตร (1.62กก./ม.),19.44,ม.,0.0,0.0,0.0
A,A. งานโครงสร้าง,"Cable 1/2""",detail,3.86,ค่าแรงต๊าฟเกลียวใน (Die tap) ขนาด M16,3.0,ม.,0.0,0.0,0.0
A,A. งานโครงสร้าง,"Cable 1/2""",detail,3.87,Hex Nut M16+Washer S45C + Washer Spring 4.2 mm,60.0,จุด,0.0,0.0,0.0
A,A. งานโครงสร้าง,"Cable 1/2""",detail,3.88,Steel Plate thk 16 mm,129.51,กก.,0.0,0.0,0.0
A,A. งานโครงสร้าง,"Cable 1/2""",detail,3.89,งานชุบกัลวาไนซ์,1.0,งาน,0.0,0.0,0.0
A,A. งานโครงสร้าง,"Cable 1/2""",detail,3.3.17,JE7,7.0,ชุด,30324.84,10613.694,40938.534
A,A. งานโครงสร้าง,"Cable 1/2""",detail,3.90,เหล็กเพลาขาว 16 มม. เกรด SS400 ยาว 6 เมตร (1.62กก./ม.),16.2,ม.,0.0,0.0,0.0
A,A. งานโครงสร้าง,"Cable 1/2""",detail,3.91,ค่าแรงต๊าฟเกลียวใน (Die tap) ขนาด M16,2.5,ม.,0.0,0.0,0.0
A,A. งานโครงสร้าง,"Cable 1/2""",detail,3.92,Hex Nut M16+Washer S45C + Washer Spring 4.2 mm,50.0,จุด,0.0,0.0,0.0
A,A. งานโครงสร้าง,"Cable 1/2""",detail,3.93,Steel Plate thk 16 mm. + Steel Stiffener Plate thk 8 mm,49.22,กก.,0.0,0.0,0.0
A,A. งานโครงสร้าง,"Cable 1/2""",detail,3.94,งานชุบกัลวาไนซ์,1.0,งาน,0.0,0.0,0.0
A,A. งานโครงสร้าง,"Cable 1/2""",detail,3.3.18,JE8,0.0,ชุด,0.0,0.0,0.0
A,A. งานโครงสร้าง,"Cable 1/2""",detail,3.95,เหล็กเพลาขาว 16 มม. เกรด SS400 ยาว 6 เมตร (1.62กก./ม.),10.37,ม.,0.0,0.0,0.0
A,A. งานโครงสร้าง,"Cable 1/2""",detail,3.96,ค่าแรงต๊าฟเกลียวใน (Die tap) ขนาด M16,1.6,ม.,0.0,0.0,0.0
A,A. งานโครงสร้าง,"Cable 1/2""",detail,3.97,Hex Nut M16+Washer S45C + Washer Spring 4.2 mm,32.0,จุด,0.0,0.0,0.0
A,A. งานโครงสร้าง,"Cable 1/2""",detail,3.98,Steel Plate thk 16 mm. + Steel Stiffener Plate thk 8 mm,42.74,กก.,0.0,0.0,0.0
A,A. งานโครงสร้าง,"Cable 1/2""",detail,3.99,งานชุบกัลวาไนซ์,1.0,งาน,0.0,0.0,0.0
A,A. งานโครงสร้าง,"Cable 1/2""",detail,3.3.19,JE9,7.0,ชุด,13541.123769444444,4739.393319305555,18280.51708875
A,A. งานโครงสร้าง,"Cable 1/2""",detail,3.100,เหล็กเพลาขาว 16 มม. เกรด SS400 ยาว 6 เมตร (1.62กก./ม.),5.83,ม.,0.0,0.0,0.0
A,A. งานโครงสร้าง,"Cable 1/2""",detail,3.101,ค่าแรงต๊าฟเกลียวใน (Die tap) ขนาด M16,0.9,ม.,0.0,0.0,0.0
A,A. งานโครงสร้าง,"Cable 1/2""",detail,3.102,Hex Nut M16+Washer S45C + Washer Spring 4.2 mm,18.0,จุด,0.0,0.0,0.0
A,A. งานโครงสร้าง,"Cable 1/2""",detail,3.103,Steel Plate thk 16 mm,27.52,กก.,0.0,0.0,0.0
A,A. งานโครงสร้าง,"Cable 1/2""",detail,3.104,งานชุบกัลวาไนซ์,1.0,งาน,0.0,0.0,0.0
A,A. งานโครงสร้าง,"Cable 1/2""",detail,3.3.20,JE10,2.0,ชุด,5978.693833333334,2092.542841666667,8071.236675
A,A. งานโครงสร้าง,"Cable 1/2""",detail,3.105,เหล็กเพลาขาว 16 มม. เกรด SS400 ยาว 6 เมตร (1.62กก./ม.),6.48,ม.,0.0,0.0,0.0
A,A. งานโครงสร้าง,"Cable 1/2""",detail,3.106,ค่าแรงต๊าฟเกลียวใน (Die tap) ขนาด M16,1.0,ม.,0.0,0.0,0.0
A,A. งานโครงสร้าง,"Cable 1/2""",detail,3.107,Hex Nut M16+Washer S45C + Washer Spring 4.2 mm,20.0,จุด,0.0,0.0,0.0
A,A. งานโครงสร้าง,"Cable 1/2""",detail,3.108,Screw Anchor dia.18 mm. 90 mm.length,28.0,จุด,0.0,0.0,0.0
A,A. งานโครงสร้าง,"Cable 1/2""",detail,3.109,Steel Plate thk 16 mm,48.57,กก.,0.0,0.0,0.0
A,A. งานโครงสร้าง,"Cable 1/2""",detail,3.110,งานชุบกัลวาไนซ์,1.0,งาน,0.0,0.0,0.0
A,A. งานโครงสร้าง,"Cable 1/2""",detail,3.3.21,JE11,2.0,ชุด,24313.018783333333,8509.556574166667,32822.5753575
A,A. งานโครงสร้าง,"Cable 1/2""",detail,3.111,เหล็กเพลาขาว 16 มม. เกรด SS400 ยาว 6 เมตร (1.62กก./ม.),34.99,ม.,0.0,0.0,0.0
A,A. งานโครงสร้าง,"Cable 1/2""",detail,3.112,ค่าแรงต๊าฟเกลียวใน (Die tap) ขนาด M16,5.4,ม.,0.0,0.0,0.0
A,A. งานโครงสร้าง,"Cable 1/2""",detail,3.113,Hex Nut M16+Washer S45C + Washer Spring 4.2 mm,108.0,จุด,0.0,0.0,0.0
A,A. งานโครงสร้าง,"Cable 1/2""",detail,3.114,Steel Plate thk 16 mm,179.7,กก.,0.0,0.0,0.0
A,A. งานโครงสร้าง,"Cable 1/2""",detail,3.115,งานชุบกัลวาไนซ์,1.0,งาน,0.0,0.0,0.0
A,A. งานโครงสร้าง,"Cable 1/2""",detail,3.3.22,JE12,1.0,ชุด,13179.099244444444,4612.684735555555,17791.78398
A,A. งานโครงสร้าง,"Cable 1/2""",detail,3.116,เหล็กเพลาขาว 16 มม. เกรด SS400 ยาว 6 เมตร (1.62กก./ม.),33.7,ม.,0.0,0.0,0.0
A,A. งานโครงสร้าง,"Cable 1/2""",detail,3.117,ค่าแรงต๊าฟเกลียวใน (Die tap) ขนาด M16,5.4,ม.,0.0,0.0,0.0
A,A. งานโครงสร้าง,"Cable 1/2""",detail,3.118,Hex Nut M16+Washer S45C + Washer Spring 4.2 mm,108.0,จุด,0.0,0.0,0.0
A,A. งานโครงสร้าง,"Cable 1/2""",detail,3.119,Steel Plate thk 16 mm,207.22,กก.,0.0,0.0,0.0
A,A. งานโครงสร้าง,"Cable 1/2""",detail,3.120,งานชุบกัลวาไนซ์,1.0,งาน,0.0,0.0,0.0
A,A. งานโครงสร้าง,"Cable 1/2""",detail,3.3.23,JE13,3.0,ชุด,11712.3849,4099.334714999999,15811.719614999998
A,A. งานโครงสร้าง,"Cable 1/2""",detail,3.121,เหล็กเพลาขาว 16 มม. เกรด SS400 ยาว 6 เมตร (1.62กก./ม.),11.02,ม.,0.0,0.0,0.0
A,A. งานโครงสร้าง,"Cable 1/2""",detail,3.122,ค่าแรงต๊าฟเกลียวใน (Die tap) ขนาด M16,1.7,ม.,0.0,0.0,0.0
A,A. งานโครงสร้าง,"Cable 1/2""",detail,3.123,Hex Nut M16+Washer S45C + Washer Spring 4.2 mm,34.0,จุด,0.0,0.0,0.0
A,A. งานโครงสร้าง,"Cable 1/2""",detail,3.124,Steel Plate thk 16 mm,58.28,กก.,0.0,0.0,0.0
A,A. งานโครงสร้าง,"Cable 1/2""",detail,3.125,งานชุบกัลวาไนซ์,1.0,งาน,0.0,0.0,0.0
A,A. งานโครงสร้าง,"Cable 1/2""",detail,4.1,"Cable 1/2""",0.0,,0.0,0.0,0.0
A,A. งานโครงสร้าง,"Cable 1/2""",detail,4.1,"สลิงไส้เหล็ก ขนาด 1/2"" (เข้าหัวแบบ Turnback Eyes)",67.0,ม.,5494.0,1608.0,7102.0
A,A. งานโครงสร้าง,"Cable 1/2""",detail,4.2,"เกลียวเร่ง 1/2"" พร้อมห่วงยึด",18.0,ชุด,1134.0,504.0,1638.0
A,A. งานโครงสร้าง,"Cable 1/2""",detail,4.3,ปลอกอัดลวดสลิง อลูมิเนียม,36.0,ชิ้น,720.0,0.0,720.0
A,A. งานโครงสร้าง,"Cable 1/2""",detail,4.4,Wire Rope Thimbles,36.0,ชิ้น,720.0,0.0,720.0
A,A. งานโครงสร้าง,"Cable 1/2""",detail,4.5,เสก็นโอเมก้า,18.0,ชิ้น,1296.0,0.0,1296.0
A,A. งานโครงสร้าง,"Cable 1/2""",detail,4.6,เพลทเหล็กยึดหัวสลิง,36.0,ชิ้น,3168.0,0.0,3168.0
B,B. งานสถาปัตยกรรม,แผงบังแดดตามตั้ง,detail,1.1,รื้อโครงสร้าง คสล,28.0,ลบ.ม.,0.0,16800.0,16800.0
B,B. งานสถาปัตยกรรม,แผงบังแดดตามตั้ง,detail,1.2,รื้อถอนหลังคา,0.0,,0.0,0.0,0.0
B,B. งานสถาปัตยกรรม,แผงบังแดดตามตั้ง,detail,1.1,รื้อแผ่นหลังคาเมทัลชีท,820.0,ตร.ม.,0.0,20500.0,20500.0
B,B. งานสถาปัตยกรรม,แผงบังแดดตามตั้ง,detail,1.2,รื้อผนัง parapet และโครงเหล็กรับผนัง,101.0,ตร.ม.,0.0,3030.0,3030.0
B,B. งานสถาปัตยกรรม,แผงบังแดดตามตั้ง,detail,1.3,รื้อถอนโครงหลังคาเหล็ก,259.0,ตร.ม.,0.0,18130.0,18130.0
B,B. งานสถาปัตยกรรม,แผงบังแดดตามตั้ง,detail,1.3,รื้อถอนฝ้ายิปซั่มบอร์ด,211.0,ตร.ม.,0.0,5275.0,5275.0
B,B. งานสถาปัตยกรรม,แผงบังแดดตามตั้ง,detail,1.4,รื้อถอนฝ้าโครงคร่าว ที-บาร์,32.0,ตร.ม.,0.0,800.0,800.0
B,B. งานสถาปัตยกรรม,แผงบังแดดตามตั้ง,detail,1.5,รื้อผนังก่ออิฐครึ่งแผ่น,226.0,ตร.ม.,0.0,9040.0,9040.0
B,B. งานสถาปัตยกรรม,แผงบังแดดตามตั้ง,detail,1.6,รื้อผนังก่ออิฐเต็มแผ่น,17.0,ตร.ม.,0.0,1020.0,1020.0
B,B. งานสถาปัตยกรรม,แผงบังแดดตามตั้ง,detail,1.7,รื้อผนังยิปซั่มบอร์ด,18.0,ตร.ม.,0.0,540.0,540.0
B,B. งานสถาปัตยกรรม,แผงบังแดดตามตั้ง,detail,1.8,รื้อสุขภัณฑ์,13.0,ชุด,0.0,2340.0,2340.0
B,B. งานสถาปัตยกรรม,แผงบังแดดตามตั้ง,detail,1.9,งานรื้อถอนประตูหน้าต่าง,0.0,,0.0,0.0,0.0
B,B. งานสถาปัตยกรรม,แผงบังแดดตามตั้ง,detail,1.4,รื้อถอนประตูบานเปิดเดี่ยว,2.0,ชุด,0.0,160.0,160.0
B,B. งานสถาปัตยกรรม,แผงบังแดดตามตั้ง,detail,1.5,รื้อถอนประตูหน้าต่างอลูมิเนียมพร้อมกระจก,11.0,ตร.ม.,0.0,1100.0,1100.0
B,B. งานสถาปัตยกรรม,แผงบังแดดตามตั้ง,detail,1.6,รื้อถอนประตูเหล็ก,30.0,ตร.ม.,0.0,2400.0,2400.0
B,B. งานสถาปัตยกรรม,แผงบังแดดตามตั้ง,detail,1.7,รื้อถอนหน้าต่างวงกบไม้,7.0,ชุด,0.0,805.0,805.0
B,B. งานสถาปัตยกรรม,แผงบังแดดตามตั้ง,detail,1.8,รื้อถอนหน้าต่างวงกบอลูมิเนียม,2.0,ตร.ม.,0.0,200.0,200.0
B,B. งานสถาปัตยกรรม,แผงบังแดดตามตั้ง,detail,1.9,รื้อถอนช่องแสงกระจกติดตาย,6.0,ตร.ม.,0.0,240.0,240.0
B,B. งานสถาปัตยกรรม,แผงบังแดดตามตั้ง,detail,1.10,รื้อเครื่องดูดเศษไม้เดิม,1.0,งาน,0.0,10000.0,10000.0
B,B. งานสถาปัตยกรรม,แผงบังแดดตามตั้ง,detail,1.11,งานย้ายเครื่องจักร ติดตั้งใหม่,1.0,งาน,0.0,300000.0,300000.0
B,B. งานสถาปัตยกรรม,แผงบังแดดตามตั้ง,detail,1.12,รื้อถอนระบบไฟฟ้า,1.0,งาน,0.0,11000.0,11000.0
B,B. งานสถาปัตยกรรม,แผงบังแดดตามตั้ง,detail,1.13,รื้อถอนระบบสุขาภิบาล,1.0,งาน,0.0,1000.0,1000.0
B,B. งานสถาปัตยกรรม,แผงบังแดดตามตั้ง,detail,2.1,พื้นเดิม ขัดล้างทำความสะอาด,214.0,ตร.ม.,0.0,5350.0,5350.0
B,B. งานสถาปัตยกรรม,แผงบังแดดตามตั้ง,detail,2.2,พื้นไม้ประสานกาวเรียงไม้แบบขวางลายไม้ CLT (ดูงานโครงสร้าง),0.0,,0.0,0.0,0.0
B,B. งานสถาปัตยกรรม,แผงบังแดดตามตั้ง,detail,2.1,น้ำยาเคลือบเงาไม้ ทา 2 เที่ยว,204.0,ตร.ม.,15300.0,7752.0,23052.0
B,B. งานสถาปัตยกรรม,แผงบังแดดตามตั้ง,detail,2.3.,พื้น Epoxy,0.0,,0.0,0.0,0.0
B,B. งานสถาปัตยกรรม,แผงบังแดดตามตั้ง,detail,2.2,ลอกผิวพื้นเดิม พร้อมขนทิ้ง,432.0,ตร.ม.,0.0,64800.0,64800.0
B,B. งานสถาปัตยกรรม,แผงบังแดดตามตั้ง,detail,2.3,ซ่อมพื้นรอยแตกร้าว (คิด 25%),108.0,ตร.ม.,5400.0,2700.0,8100.0
B,B. งานสถาปัตยกรรม,แผงบังแดดตามตั้ง,detail,2.4,ขัดมันเรียบผิวพื้น,148.0,ตร.ม.,0.0,5920.0,5920.0
B,B. งานสถาปัตยกรรม,แผงบังแดดตามตั้ง,detail,2.5,ทำ EPOXY COATING 500 MICRON - ขัดผิวเรียบ - EPOXY PRIMER 1 รอบ - EPOXY COATING 2 รอบ,594.0,ตร.ม.,267300.0,0.0,267300.0
B,B. งานสถาปัตยกรรม,แผงบังแดดตามตั้ง,detail,2.4,พื้นกระเบื้องแกรนิตโต้ 60x60 ซม,30.0,ตร.ม.,19290.0,7410.0,26700.0
B,B. งานสถาปัตยกรรม,แผงบังแดดตามตั้ง,detail,2.6,ระบบกันซึม ซิเมนต์เบส ก่อนปูกระเบื้อง,30.0,ตร.ม.,3750.0,1050.0,4800.0
B,B. งานสถาปัตยกรรม,แผงบังแดดตามตั้ง,detail,2.5,กระเบื้องยางลายไม้ ระบบ Click lock SPC หนา 5 มม,47.0,ตร.ม.,25850.0,5640.0,31490.0
B,B. งานสถาปัตยกรรม,แผงบังแดดตามตั้ง,detail,2.7,ขัดรอยต่อพื้นไฟเบอร์ซีเมนต์ให้เรียบก่อนปูกระเบื้องยาง (คิด 25%),11.75,ตร.ม.,587.5,293.75,881.25
B,B. งานสถาปัตยกรรม,แผงบังแดดตามตั้ง,detail,2.6,พื้นบันไดเหล็กของเดิม รวมโครงสร้างและราวบันได ทำความสะอาด ทาสีใหม่,35.0,ตร.ม.,2170.0,1225.0,3395.0
B,B. งานสถาปัตยกรรม,แผงบังแดดตามตั้ง,detail,2.7,ถมดิน ปลูกหญ้า,0.0,,0.0,0.0,0.0
B,B. งานสถาปัตยกรรม,แผงบังแดดตามตั้ง,detail,2.8,ถมดิน,6.550000000000001,ลบ.ม.,2705.15,733.6000000000001,3438.75
B,B. งานสถาปัตยกรรม,แผงบังแดดตามตั้ง,detail,2.9,ปลูกหญ้า + Top Soil 5 cm,65.5,ตร.ม.,2620.0,786.0,3406.0
B,B. งานสถาปัตยกรรม,แผงบังแดดตามตั้ง,detail,2.8,บล็อกปูพื้น,0.0,,0.0,0.0,0.0
B,B. งานสถาปัตยกรรม,แผงบังแดดตามตั้ง,detail,2.10,บล็อกปูพื้น 40x40x3.5,0.0,ตร.ม.,0.0,0.0,0.0
B,B. งานสถาปัตยกรรม,แผงบังแดดตามตั้ง,detail,2.11,ทรายหยาบ ถมปรับระดับ 5 ซม,3.825,ลบ.ม.,1950.75,397.8,2348.55
B,B. งานสถาปัตยกรรม,แผงบังแดดตามตั้ง,detail,2.12,ขอบคันหินสำเร็จรูป รวมคอนกรีตหยาบรองพื้น,99.7,ม.,16949.0,4985.0,21934.0
B,B. งานสถาปัตยกรรม,แผงบังแดดตามตั้ง,detail,2.9,พื้นไม้ยางพาราประสาน หนา 25 มม,121.0,ตร.ม.,79826.38888888889,13068.0,92894.38888888889
B,B. งานสถาปัตยกรรม,แผงบังแดดตามตั้ง,detail,2.10,พื้นคอนกรีตขัดมัน ขัดมันเรียบผิวพื้น,21.0,ตร.ม.,0.0,840.0,840.0
B,B. งานสถาปัตยกรรม,แผงบังแดดตามตั้ง,detail,2.11,joint พื้น รอยต่อส่วนต่อเติม,0.0,,0.0,0.0,0.0
B,B. งานสถาปัตยกรรม,แผงบังแดดตามตั้ง,detail,2.13,เหล็กแบน 100 มม. หนา 9 มม,452.48,กก.,9348.2368,4524.8,13873.036800000002
B,B. งานสถาปัตยกรรม,แผงบังแดดตามตั้ง,detail,2.14,เหล็กแบน 50 มม. หนา 9 มม,226.24,กก.,4674.1184,2262.4,6936.518400000001
B,B. งานสถาปัตยกรรม,แผงบังแดดตามตั้ง,detail,2.15,ทาสีกันสนิม + ทาสีน้ำมัน 2 รอบ (Rust tect + glipton ),9.6,ตร.ม.,595.1999999999999,336.0,931.1999999999999
B,B. งานสถาปัตยกรรม,แผงบังแดดตามตั้ง,detail,2.16,"พุกเหล็ก 1/4"" 55 มม",64.0,ชุด,192.0,0.0,192.0
B,B. งานสถาปัตยกรรม,แผงบังแดดตามตั้ง,detail,3.1,ผนังไม้ประสานกาวเรียงไม้แบบขวางลายไม้ CLT (ดูงานโครงสร้าง),0.0,ตร.ม.,0.0,0.0,0.0
B,B. งานสถาปัตยกรรม,แผงบังแดดตามตั้ง,detail,3.2,น้ำยาเคลือบเงาไม้ ทา 2 เที่ยว,615.0,ตร.ม.,46125.0,23370.0,69495.0
B,B. งานสถาปัตยกรรม,แผงบังแดดตามตั้ง,detail,3.3,ผนังก่ออิฐมอญครึ่งแผ่น,88.03999999999999,ตร.ม.,26235.92,8275.759999999998,34511.67999999999
B,B. งานสถาปัตยกรรม,แผงบังแดดตามตั้ง,detail,3.4,ผนังก่ออิฐมอญเต็มแผ่น,10.0,ตร.ม.,6120.0,1760.0,7880.0
B,B. งานสถาปัตยกรรม,แผงบังแดดตามตั้ง,detail,3.5,ผนังไฟเบอร์ซีเมนต์ หนา 12 มม. กรุ 2 ด้าน โครงคร่าวเหล็กกล่องชุบสีกันสนิม 75x38x3.2 มม,23.0,ตร.ม.,17365.0,4922.0,22287.0
B,B. งานสถาปัตยกรรม,แผงบังแดดตามตั้ง,detail,3.6,ผนังคอนกรีตมวลเบา G4 หนา 7.5 ซม,148.18,ตร.ม.,40749.5,8298.08,49047.58
B,B. งานสถาปัตยกรรม,แผงบังแดดตามตั้ง,detail,3.7,ผนังเดิม ทาสีภายนอก (รวมผนังโถง ทางเชื่อมระหว่างอาคาร ชั้นเดียว),0.0,,0.0,0.0,0.0
B,B. งานสถาปัตยกรรม,แผงบังแดดตามตั้ง,detail,3.8,ทำความสะอาดผิวผนัง,581.0,ตร.ม.,2905.0,5810.0,8715.0
B,B. งานสถาปัตยกรรม,แผงบังแดดตามตั้ง,detail,3.9,ทาสีปูนเก่า สีน้ำอะครีลิค 100% ทาภายนอก,581.0,ตร.ม.,27307.0,19754.0,47061.0
B,B. งานสถาปัตยกรรม,แผงบังแดดตามตั้ง,detail,3.10,ผนังเดิม ทาสีภายใน,0.0,,0.0,0.0,0.0
B,B. งานสถาปัตยกรรม,แผงบังแดดตามตั้ง,detail,3.11,ทำความสะอาดผิวผนัง,822.0,ตร.ม.,4110.0,8220.0,12330.0
B,B. งานสถาปัตยกรรม,แผงบังแดดตามตั้ง,detail,3.12,ทาสีปูนเก่า สีน้ำอะครีลิค 100% ทาภายใน,822.0,ตร.ม.,28770.0,24660.0,53430.0
B,B. งานสถาปัตยกรรม,แผงบังแดดตามตั้ง,detail,3.13,ทาสีปูนใหม่ สีน้ำอะครีลิค 100% ทาภายนอก,140.04,ตร.ม.,5181.48,4761.36,9942.84
B,B. งานสถาปัตยกรรม,แผงบังแดดตามตั้ง,detail,3.14,ฉาบปูนเรียบ,140.04,ตร.ม.,16804.8,11203.199999999999,28008.0
B,B. งานสถาปัตยกรรม,แผงบังแดดตามตั้ง,detail,3.15,ทาสีปูนใหม่ สีน้ำอะครีลิค 100% ทาภายใน,215.18,ตร.ม.,6670.58,6455.400000000001,13125.98
B,B. งานสถาปัตยกรรม,แผงบังแดดตามตั้ง,detail,3.16,ฉาบปูนเรียบ,215.18,ตร.ม.,25821.600000000002,17214.4,43036.0
B,B. งานสถาปัตยกรรม,แผงบังแดดตามตั้ง,detail,3.17,ผนังกระเบื้องแกรนิตโต้ 60x60 (ห้องน้ำ),0.0,,0.0,0.0,0.0
B,B. งานสถาปัตยกรรม,แผงบังแดดตามตั้ง,detail,3.18,ฉาบปูนเรียบ,120.0,ตร.ม.,10080.0,10440.0,20520.0
B,B. งานสถาปัตยกรรม,แผงบังแดดตามตั้ง,detail,3.19,ปูกระเบื้อง,120.0,ตร.ม.,67560.0,22680.0,90240.0
B,B. งานสถาปัตยกรรม,แผงบังแดดตามตั้ง,detail,3.20,บัวเชิงผนังแผ่นยาง 10 ซม. หนา 1.4 มม,326.0,ม.,5542.0,13040.0,18582.0
B,B. งานสถาปัตยกรรม,แผงบังแดดตามตั้ง,detail,4.1,ท้องพื้นไม้ประสานกาว น้ำยาเคลือบเงาไม้ ทา 2 เที่ยว,92.0,ตร.ม.,6900.0,3496.0,10396.0
B,B. งานสถาปัตยกรรม,แผงบังแดดตามตั้ง,detail,4.2,ฝ้าเพดานยิปซั่มบอร์ด หนา 9 มม. ฉาบเรียบรอยต่อ คร่าวโลหะชุบสังกะสี หนาไม่น้อยกว่า 0.5 มม,170.0,ตร.ม.,50660.0,12750.0,63410.0
B,B. งานสถาปัตยกรรม,แผงบังแดดตามตั้ง,detail,4.3,ฝ้าเพดานยิปซั่มบอร์ดชนิดทนชื้น หนา 9 มม. ฉาบเรียบรอยต่อ คร่าวโลหะชุบสังกะสี หนาไม่น้อยกว่า 0.5 มม,30.0,ตร.ม.,10290.0,2250.0,12540.0
B,B. งานสถาปัตยกรรม,แผงบังแดดตามตั้ง,detail,4.4,งานทาสีโครง TRUSS เหล็กหลังคาของเดิม และตะแกรงกันนก,0.0,,0.0,0.0,0.0
B,B. งานสถาปัตยกรรม,แผงบังแดดตามตั้ง,detail,4.1,"ขัดสนิม, สีของเดิม",380.0,ตร.ม.,1900.0,5700.0,7600.0
B,B. งานสถาปัตยกรรม,แผงบังแดดตามตั้ง,detail,4.2,ทาสีกันสนิม + ทาสีน้ำมัน 2 รอบ (Rust tect + glipton ),380.0,ตร.ม.,23560.0,13300.0,36860.0
B,B. งานสถาปัตยกรรม,แผงบังแดดตามตั้ง,detail,4.5,ท้องพื้น คสล. ขูดล้างสีเดิม ทาสีรองพื้นปูนเก่า ทาสีภายนอก,84.0,ตร.ม.,3948.0,2520.0,6468.0
B,B. งานสถาปัตยกรรม,แผงบังแดดตามตั้ง,detail,4.6,ฝ้าเพดานเดิม ทำความสะอาด ทาสีน้ำอะคริลิค 100%,36.0,ตร.ม.,1296.0,1440.0,2736.0
B,B. งานสถาปัตยกรรม,แผงบังแดดตามตั้ง,detail,4.7,"ฝ้าไม้ยางพาราประสาน + EPS foam 4""",0.0,,0.0,0.0,0.0
B,B. งานสถาปัตยกรรม,แผงบังแดดตามตั้ง,detail,4.3,โครงคร่าวเหล็กกล่อง 50x25x2.3mm (2.44 กก./ม.),1897.0,กก.,39818.03,18970.0,58788.03
B,B. งานสถาปัตยกรรม,แผงบังแดดตามตั้ง,detail,4.4,ทาสีกันสนิม + ทาสีน้ำมัน 2 รอบ (Rust tect + glipton ),233.0,ตร.ม.,14446.0,8155.0,22601.0
B,B. งานสถาปัตยกรรม,แผงบังแดดตามตั้ง,detail,4.5,ไม้ยางพาราประสาน หนา 10 มม,170.0,ตร.ม.,45900.0,21760.0,67660.0
B,B. งานสถาปัตยกรรม,แผงบังแดดตามตั้ง,detail,4.6,สีย้อมเนื้อไม้และรักษาเนื้อไม้,170.0,ตร.ม.,24650.0,6460.0,31110.0
B,B. งานสถาปัตยกรรม,แผงบังแดดตามตั้ง,detail,4.7,"EPS foam 4"" (1 lb/ft3) ขนาด 0.60x1.20",265.0,ชิ้น,68900.0,4770.0,73670.0
B,B. งานสถาปัตยกรรม,แผงบังแดดตามตั้ง,detail,4.8,ทาสีน้ำอะคริลิค 100% ทาฝ้าเพดาน,200.0,ตร.ม.,7200.0,6000.0,13200.0
B,B. งานสถาปัตยกรรม,แผงบังแดดตามตั้ง,detail,5.1,"หลังคา Metal sheet เคลือบสี หนา 0.45 มม.+ EPS FOAM 4""+ Metal sheet แผ่นเรียบ หนา 0.35 มม. เคลือบสี พร้อมตัวปิดเชิงชาย Bluescope หรือเทียบเท่า",472.0,ตร.ม.,519200.0,44840.0,564040.0
B,B. งานสถาปัตยกรรม,แผงบังแดดตามตั้ง,detail,5.1,Flashing Metal sheet เคลือบสี,54.8,ม.,12768.4,2740.0,15508.4
B,B. งานสถาปัตยกรรม,แผงบังแดดตามตั้ง,detail,5.2,หลังคา Metal sheet เคลือบสี หนา 0.47 มม. พร้อมตัวปิดเชิงชาย Bluescope หรือเทียบเท่า,255.0,ตร.ม.,81600.0,17850.0,99450.0
B,B. งานสถาปัตยกรรม,แผงบังแดดตามตั้ง,detail,5.2,Flashing Metal sheet เคลือบสี,53.0,ม.,12349.0,2650.0,14999.0
B,B. งานสถาปัตยกรรม,แผงบังแดดตามตั้ง,detail,5.3,หลังคาแผ่นใส ลอนเมทัลชีท หนา 1.6 มม. พร้อมตัวปิดเชิงชาย Bluescope หรือเทียบเท่า,34.0,ตร.ม.,27200.0,2380.0,29580.0
B,B. งานสถาปัตยกรรม,แผงบังแดดตามตั้ง,detail,5.4,รางน้ำสแตนเลส หนาไม่น้อยกว่า 1.5 มม,36.0,ม.,100770.00000000001,30231.000000000004,131001.00000000001
B,B. งานสถาปัตยกรรม,แผงบังแดดตามตั้ง,detail,5.3,แผ่นไฟเบอร์ซีเมนต์ หนา 6 มม. รองพื้นรางน้ำ,27.0,ตร.ม.,2484.0,756.0,3240.0
B,B. งานสถาปัตยกรรม,แผงบังแดดตามตั้ง,detail,5.4,ตะแกรงกันใบไม้ อลูมิเนียมฉีก หนา 1.2 มม,27.0,ตร.ม.,14742.0,675.0,15417.0
B,B. งานสถาปัตยกรรม,แผงบังแดดตามตั้ง,detail,5.5,Flashing Metal sheet เคลือบสี พับสอดใต้หลังคา 2 ด้าน,72.0,ม.,16776.0,3600.0,20376.0
B,B. งานสถาปัตยกรรม,แผงบังแดดตามตั้ง,detail,5.6,โครงเหล็กกล่อง 50x50x2.3 มม. รับรางน้ำและผนังปิดชายคา,465.0,กก.,9858.497326203207,3943.2000000000003,13801.697326203208
B,B. งานสถาปัตยกรรม,แผงบังแดดตามตั้ง,detail,5.7,ทาสีกันสนิม + ทาสีน้ำมัน 2 รอบ (Rust tect + glipton ),188.0,ตร.ม.,11656.0,6580.0,18236.0
B,B. งานสถาปัตยกรรม,แผงบังแดดตามตั้ง,detail,6.1,ของใหม่,0.0,,0.0,0.0,0.0
B,B. งานสถาปัตยกรรม,แผงบังแดดตามตั้ง,detail,6.2,ประตูบานเปิดเดี่ยวเหล็ก ขนาด 1.00 x 2.20 ม. + rockwool,2.0,ชุด,31000.0,0.0,31000.0
B,B. งานสถาปัตยกรรม,แผงบังแดดตามตั้ง,detail,6.3,ประตูบานเปิดคู่เหล็ก ขนาด 2.10 x 2.20 ม. + rockwool,1.0,ชุด,31500.0,0.0,31500.0
B,B. งานสถาปัตยกรรม,แผงบังแดดตามตั้ง,detail,6.4,"ประตูบานสวิงคู่ วงกบและบานกรอบอลูมิเนียมสีดำ หนา 2 มม ลูกฟักกระจกเทมเปอร์ใส หนา 8 มม. ช่องแสงกระจกเทมเปอร์ใส หนา 8 มม., กระจกใส 6 มม. พร้อมอุปกรณ์ ขนาด 3.85 x 2.55 ม",1.0,ชุด,36000.0,0.0,36000.0
B,B. งานสถาปัตยกรรม,แผงบังแดดตามตั้ง,detail,6.5,ประตูบานหมุนกระจก 5 บานต่อเนื่อง + ช่องแสงกระจก กระจกเทมเปอร์ใส หนา 8 มม. วงกบอลูมิเนียมสีดำ หนาไม่น้อยกว่า 1.8 มม. (สโลบตามแนวฝ้าเพดาน) ขนาด 4.95 x 3.22 ม,1.0,ชุด,61000.0,0.0,61000.0
B,B. งานสถาปัตยกรรม,แผงบังแดดตามตั้ง,detail,6.6,ประตูบานเลื่อน วงกบและบานกรอบอลูมิเนียมสีดำ หนาไม่น้อยกว่า 1.8 มม. ลูกฟักกระจกใส หนา 8 มม. พร้อมบานติดตาย กระจกเทมเปอร์ใส หนา 8 มม. พร้อมอุปกรณ์ ขนาด 3.80 x 2.20 ม,1.0,ชุด,24600.0,0.0,24600.0
B,B. งานสถาปัตยกรรม,แผงบังแดดตามตั้ง,detail,6.7,ประตูสำเร็จรูปและวงกบ WPC ขนาด 0.80x2.05 ม. พร้อมอุปกรณ์,1.0,ชุด,5572.0,580.0,6152.0
B,B. งานสถาปัตยกรรม,แผงบังแดดตามตั้ง,detail,6.8,ประตูสำเร็จรูปและวงกบ WPC ขนาด 1.00x2.05 ม. พร้อมอุปกรณ์,3.0,ชุด,17316.0,1740.0,19056.0
B,B. งานสถาปัตยกรรม,แผงบังแดดตามตั้ง,detail,D8,ประตูบานสวิงคู่ วงกบและบานกรอบอลูมิเนียมสีดำ หนา 2 มม ลูกฟักกระจกเทมเปอร์ใส หนา 8 มม. พร้อมอุปกรณ์ ขนาด 1.90x2.20 ม,0.0,ชุด,0.0,0.0,0.0
B,B. งานสถาปัตยกรรม,แผงบังแดดตามตั้ง,detail,6.9,ประตูเหล็กม้วนเคลือบสี ลอนคู่ หนา 0.7 มม. ระบบมือดึง,1.0,ชุด,8800.0,0.0,8800.0
B,B. งานสถาปัตยกรรม,แผงบังแดดตามตั้ง,detail,6.10,ประตูบานสวิงเดี่ยว + หน้าต่างบานเลื่อน วงกบและบานกรอบอลูมิเนียมสีดำ หนา 2 มม ลูกฟักกระจกเทมเปอร์ใส หนา 8 มม. + ช่องแสงกระจกใส หนา 6 มม. พร้อมอุปกรณ์ ขนาด 3.70x2.20 ม,1.0,ชุด,19900.0,0.0,19900.0
B,B. งานสถาปัตยกรรม,แผงบังแดดตามตั้ง,detail,6.11,ประตูบานเลื่อน วงกบและบานกรอบอลูมิเนียมสีดำ หนาไม่น้อยกว่า 1.8 มม. ลูกฟักกระจกใส หนา 8 มม. พร้อมบานติดตาย กระจกเทมเปอร์ใส หนา 8 มม. พร้อมอุปกรณ์ ขนาด 2.60 x 2.20 ม,1.0,ชุด,17100.0,0.0,17100.0
B,B. งานสถาปัตยกรรม,แผงบังแดดตามตั้ง,detail,6.12,ประตูบานเลื่อน วงกบและบานกรอบอลูมิเนียมสีดำ หนาไม่น้อยกว่า 1.8 มม. ลูกฟักกระจกใส หนา 8 มม. พร้อมบานติดตาย กระจกเทมเปอร์ใส หนา 8 มม. พร้อมอุปกรณ์ ขนาด 2.70 x 2.20 ม,1.0,ชุด,17800.0,0.0,17800.0
B,B. งานสถาปัตยกรรม,แผงบังแดดตามตั้ง,detail,6.13,หน้าต่างบานเกล็ดปรับมุม กระจกใส หนา 6 มม. วงกบอลูมิเนียมสีดำ หนาไม่น้อยกว่า 1.8 มม. พร้อมอุปกรณ์ ขนาด 3.80 x 1.40 ม,2.0,ชุด,30000.0,0.0,30000.0
B,B. งานสถาปัตยกรรม,แผงบังแดดตามตั้ง,detail,6.14,หน้าต่างบานกระทุ้ง วงกบและบานกรอบอลูมิเนียมสีดำ หนาไม่น้อยกว่า 1.8 มม. ลูกฟักกระจกใส หนา 6 มม. พร้อมอุปกรณ์ ขนาด 3.80 x 0.45 ม,7.0,ชุด,65100.0,0.0,65100.0
B,B. งานสถาปัตยกรรม,แผงบังแดดตามตั้ง,detail,6.15,ช่องแสงบานซ้อนเกล็ด กระจกฝ้า 6 มม 1.0x0.45 ม,1.0,ชุด,1260.0,0.0,1260.0
B,B. งานสถาปัตยกรรม,แผงบังแดดตามตั้ง,detail,6.16,ตะแกรงกันนกเหล็กฉีก ขนาด 1.70x0.93 ม,2.0,ชุด,1500.0,0.0,1500.0
B,B. งานสถาปัตยกรรม,แผงบังแดดตามตั้ง,detail,6.17,ผนังกระจกลามิเนตใส หนา 8 มม. วงกบอลูมิเนียมสีดำ หนาไม่น้อยกว่า 1.8 มม. ขนาด 5.70 x 2.55 ม,1.0,ชุด,40800.0,0.0,40800.0
B,B. งานสถาปัตยกรรม,แผงบังแดดตามตั้ง,detail,6.18,ผนังกระจกเปลือย กระจกใสลามิเนต low-e 8+6 mm. (8mm Clear AN + PVB0.76 + 6mm Sunergy Clear AN#4),1.0,ชุด,1402800.0,0.0,1402800.0
B,B. งานสถาปัตยกรรม,แผงบังแดดตามตั้ง,detail,6.19,ครีบไม้ยึดบานกระจก ขนาด 100x100 มม. ยาว 3.63 เมตร,32.0,ท่อน,63936.0,8192.0,72128.0
B,B. งานสถาปัตยกรรม,แผงบังแดดตามตั้ง,detail,6.20,หมายเหตุ,0.0,,0.0,0.0,0.0
B,B. งานสถาปัตยกรรม,แผงบังแดดตามตั้ง,detail,6.21,"ใช้อลูมิเนียม สีดำ หนาไม่น้อยกว่า 1.80 มม. ใช้ aluminium section profile ของ CN Progess หรือ Glass Line หรือ Diva Glass อุปกรณ์ประตู หน้าต่าง ยี่ห้อ Cemech, Colt, Kinlong หรือเทียบเท่า",0.0,,0.0,0.0,0.0
B,B. งานสถาปัตยกรรม,แผงบังแดดตามตั้ง,detail,6.22,"อุปกรณ์ประตู หน้าต่าง ยี่ห้อ Cemech, Colt, Kinlong หรือเทียบเท่า",0.0,,0.0,0.0,0.0
B,B. งานสถาปัตยกรรม,แผงบังแดดตามตั้ง,detail,6.23,ของเดิม,0.0,,0.0,0.0,0.0
B,B. งานสถาปัตยกรรม,แผงบังแดดตามตั้ง,detail,6.24,ประตูเดิม ทำความสะอาด ยาแนวซิลิโคนส่วนที่เสียหาย,9.0,ชุด,450.0,0.0,450.0
B,B. งานสถาปัตยกรรม,แผงบังแดดตามตั้ง,detail,6.25,ประตูเหล็กเดิม รื้อติดตั้งใหม่ ซ่อมให้ใช้งานได้ ทำความสะอาด ขัดสนิม ทาสีรองพื้นกันสนิมและสีน้ำมัน,2.0,ชุด,3000.0,1000.0,4000.0
B,B. งานสถาปัตยกรรม,แผงบังแดดตามตั้ง,detail,6.26,หน้าต่างเดิม บานเกล็ดไม้,0.0,,0.0,0.0,0.0
B,B. งานสถาปัตยกรรม,แผงบังแดดตามตั้ง,detail,6.27,ทำความสะอาด ยาแนวซิลิโคนส่วนที่เสียหาย,3.0,ชุด,150.0,0.0,150.0
B,B. งานสถาปัตยกรรม,แผงบังแดดตามตั้ง,detail,6.28,วงกบและบานเกล็ดไม้ทาสีน้ำมัน (เทียบสีของเดิม),3.0,ชุด,1710.0,0.0,1710.0
B,B. งานสถาปัตยกรรม,แผงบังแดดตามตั้ง,detail,6.29,หน้าต่างเดิม ลูกฟักกระจก วงกบไม้,0.0,,0.0,0.0,0.0
B,B. งานสถาปัตยกรรม,แผงบังแดดตามตั้ง,detail,6.30,ทำความสะอาด ยาแนวซิลิโคนส่วนที่เสียหาย,16.0,ชุด,800.0,0.0,800.0
B,B. งานสถาปัตยกรรม,แผงบังแดดตามตั้ง,detail,6.31,วงกบไม้ทาสีน้ำมัน (เทียบสีของเดิม),16.0,ชุด,4000.0,0.0,4000.0
B,B. งานสถาปัตยกรรม,แผงบังแดดตามตั้ง,detail,6.32,หน้าต่างเดิม ลูกฟักกระจก วงกบอลูมิเนียม,0.0,,0.0,0.0,0.0
B,B. งานสถาปัตยกรรม,แผงบังแดดตามตั้ง,detail,6.33,ทำความสะอาด ยาแนวซิลิโคนส่วนที่เสียหาย,5.0,ชุด,250.0,0.0,250.0
B,B. งานสถาปัตยกรรม,แผงบังแดดตามตั้ง,detail,6.34,ตะแกรงกันนกเดิม ทำความสะอาด ทาสี,72.0,ตร.ม.,4176.0,2520.0,6696.0
B,B. งานสถาปัตยกรรม,แผงบังแดดตามตั้ง,detail,7.1,สุขภัณฑ์ 2 ชิ้น COTTO C13930 6 ลิตร สีขาว หรือเทียบเท่า,6.0,ชุด,19200.0,2700.0,21900.0
B,B. งานสถาปัตยกรรม,แผงบังแดดตามตั้ง,detail,7.2,สายฉีดชำระ COTTO CT9912CR(HM) พร้อมอุปกรณ์,6.0,ชุด,2700.0,420.0,3120.0
B,B. งานสถาปัตยกรรม,แผงบังแดดตามตั้ง,detail,7.3,สต๊อปวาล์ว 2 ทาง COTTO CT1053N(HM) (สายชําระ และ โถสุขภัณฑ์),6.0,ชุด,2220.0,210.0,2430.0
B,B. งานสถาปัตยกรรม,แผงบังแดดตามตั้ง,detail,7.4,โถปัสสาวะชาย แบบ FLUSH VALVE COTTO รุ่น C30207,2.0,ชุด,10440.0,900.0,11340.0
B,B. งานสถาปัตยกรรม,แผงบังแดดตามตั้ง,detail,7.5,แผ่นกั้นโถปัสสาวะสำเร็จรูป HPL 13 mm. ลายไม้ SA–P100 หรือเทียบเท่า,1.0,ชุด,4250.0,0.0,4250.0
B,B. งานสถาปัตยกรรม,แผงบังแดดตามตั้ง,detail,7.6,อ่างล้างหน้าฝังใต้เคาน์เตอร์ SS2019+SC312+SC230L,5.0,ชุด,18406.25,2250.0,20656.25
B,B. งานสถาปัตยกรรม,แผงบังแดดตามตั้ง,detail,7.7,ก๊อกเดี่ยวอ่างล้างหน้า COTTO รุ่น CT1276A พร้อมอุปกรณ์,5.0,ชุด,4500.0,750.0,5250.0
B,B. งานสถาปัตยกรรม,แผงบังแดดตามตั้ง,detail,7.8,ก๊อกน้ำ COTTO รุ่น CT1252(HM) โครเมียม,5.0,ชุด,2400.0,125.0,2525.0
B,B. งานสถาปัตยกรรม,แผงบังแดดตามตั้ง,detail,7.9,"สต็อปวาล์ว SM710 หรือเทียบเท่า (อ่างล้างมือ, โถปัสสาวะชาย)",7.0,ชุด,1627.5,245.0,1872.5
B,B. งานสถาปัตยกรรม,แผงบังแดดตามตั้ง,detail,7.10,กระจกเงา ขนาด 3.90x1.00 ม,1.0,ชุด,9750.0,70.0,9820.0
B,B. งานสถาปัตยกรรม,แผงบังแดดตามตั้ง,detail,7.11,กระจกเงา ขนาด 1.60x1.00 ม,1.0,ชุด,4000.0,70.0,4070.0
B,B. งานสถาปัตยกรรม,แผงบังแดดตามตั้ง,detail,7.12,"ตะแกรงระบายน้ำทิ้ง กันกลิ่น ขนาด 3""",11.0,ชุด,2846.25,825.0,3671.25
B,B. งานสถาปัตยกรรม,แผงบังแดดตามตั้ง,detail,7.13,ผนังกั้นห้องสำเร็จรูป HPL 13 mm. ลายไม้ SA–P100 หรือเทียบเท่า พร้อมที่ใส่กระดาษชำระ,6.0,ชุด,78000.0,0.0,78000.0
B,B. งานสถาปัตยกรรม,แผงบังแดดตามตั้ง,detail,7.14,ที่ใส่กระดาษชำระ แบบแผ่น (อ่างล้างมือ),2.0,ชุด,678.0,140.0,818.0
B,B. งานสถาปัตยกรรม,แผงบังแดดตามตั้ง,detail,7.15,เคาน์เตอร์คสล,5.8,ม.,3306.0,1160.0,4466.0
B,B. งานสถาปัตยกรรม,แผงบังแดดตามตั้ง,detail,7.16,ท็อปเคาน์เตอร์หินแกรนิต สีดำ,3.48,ตร.ม.,9361.2,1050.96,10412.16
B,B. งานสถาปัตยกรรม,แผงบังแดดตามตั้ง,detail,7.17,ป้ายห้องน้ำสแตนเลสนูนลอย (ชาย-หญิง),1.0,คู่,990.0,50.0,1040.0
B,B. งานสถาปัตยกรรม,แผงบังแดดตามตั้ง,detail,7.1,อ่่างล้างมือ คสล. ขนาด 2.30x0.60x0.30 ม,1.0,งาน,6260.0,0.0,6260.0
B,B. งานสถาปัตยกรรม,แผงบังแดดตามตั้ง,detail,7.18,"Clean Out 4""",4.0,ชุด,788.0,800.0,1588.0
B,B. งานสถาปัตยกรรม,แผงบังแดดตามตั้ง,detail,7.19,"Clean Out 2""",2.0,ชุด,212.0,200.0,412.0
B,B. งานสถาปัตยกรรม,แผงบังแดดตามตั้ง,detail,8.1,บันไดเหล็ก 3 ขั้น ขนาด 1.60x1.90 เมตร,2.0,ชุด,0.0,0.0,0.0
B,B. งานสถาปัตยกรรม,แผงบังแดดตามตั้ง,detail,8.1,เหล็กกล่อง 50x25x3.2 (3.24กก./ม.),255.18,กก.,5356.2282,2551.8,7908.0282
B,B. งานสถาปัตยกรรม,แผงบังแดดตามตั้ง,detail,8.2,งานทาสีรองพื้นกันสนิมและสีน้ำมันโครงเหล็ก,24.0,ตร.ม.,1488.0,840.0,2328.0
B,B. งานสถาปัตยกรรม,แผงบังแดดตามตั้ง,detail,8.3,ลูกนอน ลูกตั้ง ไม้ประสานยางพารา ทำสีธรรมชาติ หนา 20 มม,7.8,ตร.ม.,4555.2,936.0,5491.2
B,B. งานสถาปัตยกรรม,แผงบังแดดตามตั้ง,detail,8.2,งานติดตั้งถังดับเพลิง,0.0,ชุด,0.0,0.0,0.0
B,B. งานสถาปัตยกรรม,แผงบังแดดตามตั้ง,detail,8.3,แผงบังแดดตามตั้ง,0.0,,0.0,0.0,0.0
B,B. งานสถาปัตยกรรม,แผงบังแดดตามตั้ง,detail,8.4,แผงบังแดด Glulam ขนาด 600 มม.x75 มม. ยาว 3.50 ม,39.0,ท่อน,248957.28000000003,44226.0,293183.28
B,B. งานสถาปัตยกรรม,แผงบังแดดตามตั้ง,detail,8.5,Joint เหล็กหัวท้าย,72.0,ชุด,216000.0,10800.0,226800.0
B,B. งานสถาปัตยกรรม,แผงบังแดดตามตั้ง,detail,8.6,กันสาดสแตนเลส หนา 10 มม. ขนาด 1.10x2.40 ม. (รวมพับขอบข้างละ 5 ซม.) +วัสดุติดตั้ง+ค่าแรงพับ,3.0,ชุด,106200.0,0.0,106200.0
C,C. ระบบไฟฟ้าและสื่อสาร,L7,detail,1.1,สายป้อนและตู้แผงสวิตช์,0.0,,0.0,0.0,0.0
C,C. ระบบไฟฟ้าและสื่อสาร,L7,detail,1.1.1,Cable Type IEC01 (Spec-Ewi) 1x185,80.0,ม.,73267.2,6800.0,80067.2
C,C. ระบบไฟฟ้าและสื่อสาร,L7,detail,1.1.2,Cable Type IEC01 (Spec-Ewi) 1x50,8.0,ม.,2006.4,320.0,2326.4
C,C. ระบบไฟฟ้าและสื่อสาร,L7,detail,1.1.3,HDG.RSC Conduit 5 in.x10 ft. Panasonic,12.0,ม.,41016.0,1380.0,42396.0
C,C. ระบบไฟฟ้าและสื่อสาร,L7,detail,1.1.4,ตู้MDB(AR25) ตู้แขวนภายใน (Form 1) ขนาด 90x130x30cm./3F,1.0,ชุด,50000.0,5775.0,55775.0
C,C. ระบบไฟฟ้าและสื่อสาร,L7,detail,1.1.5,MCCB 3P 500AT (36kA),1.0,ชุด,10052.0,0.0,10052.0
C,C. ระบบไฟฟ้าและสื่อสาร,L7,detail,1.1.6,MCCB 3P 150AT (25kA),3.0,ชุด,17400.0,0.0,17400.0
C,C. ระบบไฟฟ้าและสื่อสาร,L7,detail,1.1.7,MCCB 3P 125AT (25kA),1.0,ชุด,5678.0,0.0,5678.0
C,C. ระบบไฟฟ้าและสื่อสาร,L7,detail,1.1.8,MCCB 3P 100AT (25kA),1.0,ชุด,2517.0,0.0,2517.0
C,C. ระบบไฟฟ้าและสื่อสาร,L7,detail,1.1.9,MCCB 3P 80AT (15kA),1.0,ชุด,2416.0,0.0,2416.0
C,C. ระบบไฟฟ้าและสื่อสาร,L7,detail,1.1.10,อุปกรณ์เบ็ดเตล็ด (ของค่าพัสดุ),1.0,งาน,10217.63,3065.2889999999998,13282.918999999998
C,C. ระบบไฟฟ้าและสื่อสาร,L7,detail,1.2,ชุดกราวด์,0.0,,0.0,0.0,0.0
C,C. ระบบไฟฟ้าและสื่อสาร,L7,detail,1.2.1,Ground Rod Copper 5/8in.x8ft. (mea),1.0,ชุด,456.0,110.0,566.0
C,C. ระบบไฟฟ้าและสื่อสาร,L7,detail,1.2.2,Concrete Inspection Pit 310x310x192,1.0,ชุด,1350.0,550.0,1900.0
C,C. ระบบไฟฟ้าและสื่อสาร,L7,detail,1.2.3,"PVC Conduit (1"") 25mm. x 4m. (3mm.) / SCG (ช้าง)",3.0,ท่อน,363.0,86.64,449.64
C,C. ระบบไฟฟ้าและสื่อสาร,L7,detail,1.2.4,อุปกรณ์เบ็ดเตล็ด (ของค่าพัสดุ),1.0,งาน,325.34999999999997,97.60499999999999,422.9549999999999
C,C. ระบบไฟฟ้าและสื่อสาร,L7,detail,2.1,ตู้ DB ของเดิมติดตั้งใหม่,6.0,ชุด,0.0,7200.0,7200.0
C,C. ระบบไฟฟ้าและสื่อสาร,L7,detail,2.2,MCCB 3P 150A (18kA),3.0,ชุด,11811.0,0.0,11811.0
C,C. ระบบไฟฟ้าและสื่อสาร,L7,detail,2.3,MCCB 3P 125AT (18kA),1.0,ชุด,3934.0,0.0,3934.0
C,C. ระบบไฟฟ้าและสื่อสาร,L7,detail,2.4,MCCB 3P 100A (10kA),1.0,ชุด,2042.0,0.0,2042.0
C,C. ระบบไฟฟ้าและสื่อสาร,L7,detail,2.5,MCCB 3P 80AT (10kA),1.0,ชุด,1941.0,0.0,1941.0
C,C. ระบบไฟฟ้าและสื่อสาร,L7,detail,2.6,MCB 3P 32A,1.0,ชุด,1778.0,0.0,1778.0
C,C. ระบบไฟฟ้าและสื่อสาร,L7,detail,2.7,MCB 3P 16A,29.0,ชุด,51562.0,0.0,51562.0
C,C. ระบบไฟฟ้าและสื่อสาร,L7,detail,2.8,MCB 1P 32A,21.0,ชุด,2415.0,0.0,2415.0
C,C. ระบบไฟฟ้าและสื่อสาร,L7,detail,2.9,MCB 1P 20A,13.0,ชุด,1495.0,0.0,1495.0
C,C. ระบบไฟฟ้าและสื่อสาร,L7,detail,2.10,MCB 1P 16A,1.0,ชุด,115.0,0.0,115.0
C,C. ระบบไฟฟ้าและสื่อสาร,L7,detail,2.11,MCB 1P 10A,12.0,ชุด,1380.0,0.0,1380.0
C,C. ระบบไฟฟ้าและสื่อสาร,L7,detail,2.12,Accessories,1.0,งาน,5493.110000000001,1647.9330000000002,7141.043000000001
C,C. ระบบไฟฟ้าและสื่อสาร,L7,detail,3.1,สายไฟฟ้า,0.0,,0.0,0.0,0.0
C,C. ระบบไฟฟ้าและสื่อสาร,L7,detail,3.1,สาย IEC01 เบอร์ 70 Sq.mm,60.0,ม.,21432.0,2700.0,24132.0
C,C. ระบบไฟฟ้าและสื่อสาร,L7,detail,3.2,สาย IEC01 เบอร์ 50 Sq.mm,180.0,ม.,45144.0,7200.0,52344.0
C,C. ระบบไฟฟ้าและสื่อสาร,L7,detail,3.3,สาย IEC01 เบอร์ 35 Sq.mm,12.0,ม.,2284.56,360.0,2644.56
C,C. ระบบไฟฟ้าและสื่อสาร,L7,detail,3.4,สาย IEC01 เบอร์ 25 Sq.mm,16.0,ม.,2098.88,400.0,2498.88
C,C. ระบบไฟฟ้าและสื่อสาร,L7,detail,3.5,สาย IEC01 เบอร์ 16 Sq.mm,48.0,ม.,4001.76,960.0,4961.76
C,C. ระบบไฟฟ้าและสื่อสาร,L7,detail,3.6,สาย IEC01 เบอร์ 10 Sq.mm,0.0,ม.,0.0,0.0,0.0
C,C. ระบบไฟฟ้าและสื่อสาร,L7,detail,3.7,สาย IEC01 เบอร์ 6 Sq.mm,804.0,ม.,25663.68,9648.0,35311.68
C,C. ระบบไฟฟ้าและสื่อสาร,L7,detail,3.8,สาย IEC01 เบอร์ 4 Sq.mm,3456.0,ม.,72472.31999999999,34560.0,107032.31999999999
C,C. ระบบไฟฟ้าและสื่อสาร,L7,detail,3.9,สาย IEC01 เบอร์ 2.5 Sq.mm,3862.0,ม.,51364.600000000006,27034.0,78398.6
C,C. ระบบไฟฟ้าและสื่อสาร,L7,detail,3.10,Accessories,1.0,งาน,67338.54000000001,20201.562,87540.10200000001
C,C. ระบบไฟฟ้าและสื่อสาร,L7,detail,3.2,ท่อสายไฟฟ้า,0.0,,0.0,0.0,0.0
C,C. ระบบไฟฟ้าและสื่อสาร,L7,detail,3.11,ราง WIREWAY 100x100 mm,8.0,ม.,1813.6,147.6,1961.1999999999998
C,C. ระบบไฟฟ้าและสื่อสาร,L7,detail,3.12,"ท่อ IMC 1/2"" Panasonic",351.0,ม.,23166.0,9126.0,32292.0
C,C. ระบบไฟฟ้าและสื่อสาร,L7,detail,3.13,"ท่อ EMT 2"" Panasonic",36.0,ม.,5779.08,1512.0,7291.08
C,C. ระบบไฟฟ้าและสื่อสาร,L7,detail,3.14,"ท่อ EMT 1"" Panasonic",204.0,ม.,13192.68,5712.0,18904.68
C,C. ระบบไฟฟ้าและสื่อสาร,L7,detail,3.15,"ท่อ EMT 3/4"" Panasonic",318.0,ม.,14246.4,7632.0,21878.4
C,C. ระบบไฟฟ้าและสื่อสาร,L7,detail,3.16,"ท่อ EMT 1/2"" Panasonic",1836.0,ม.,54474.12,40392.0,94866.12
C,C. ระบบไฟฟ้าและสื่อสาร,L7,detail,3.17,HDG. PULL BOX 400x400x150mm galvanized,2.0,กล่อง,4508.0,140.0,4648.0
C,C. ระบบไฟฟ้าและสื่อสาร,L7,detail,3.18,Fittings Supports & Accessories,1.0,งาน,33801.564,10140.4692,43942.0332
C,C. ระบบไฟฟ้าและสื่อสาร,L7,detail,3.3,โครงเหล็กยึดท่อสายไฟฟ้า,0.0,,0.0,0.0,0.0
C,C. ระบบไฟฟ้าและสื่อสาร,L7,detail,3.19,เหล็กกล่อง 50x50x2.3 มม. (3.34 กก./ม.),30.0,กก.,629.6999999999999,254.4,884.0999999999999
C,C. ระบบไฟฟ้าและสื่อสาร,L7,detail,3.20,plate 15x15x6 mm,1.0,ชิ้น,98.0,10.5,108.5
C,C. ระบบไฟฟ้าและสื่อสาร,L7,detail,3.21,Chemical Bolt M10,4.0,ชุด,332.0,0.0,332.0
C,C. ระบบไฟฟ้าและสื่อสาร,L7,detail,3.22,งานทาสีรองพื้นกันสนิมและสีน้ำมันโครงเหล็ก,3.5,ตร.ม.,217.0,122.5,339.5
C,C. ระบบไฟฟ้าและสื่อสาร,L7,detail,3.23,หมายเหตุ,0.0,,0.0,0.0,0.0
C,C. ระบบไฟฟ้าและสื่อสาร,L7,detail,3.24,"ไฟฟ้าแสงสว่าง IEC01 2-2.5 sq.mm. in EMT 1/2""",0.0,,0.0,0.0,0.0
C,C. ระบบไฟฟ้าและสื่อสาร,L7,detail,3.25,"ไฟฟ้ากำลัง 1P IEC01 2-4/2.5G sq.mm. in EMT 1/2""",0.0,,0.0,0.0,0.0
C,C. ระบบไฟฟ้าและสื่อสาร,L7,detail,4.1,โคมไฟ downlight ติดลอย LED E27 ขนาด 12x12 ซม. อลูมิเนียมอบสี Lamptitude หรือ L&E หรือเทียบเท่า,11.0,ชุด,7590.0,1265.0,8855.0
C,C. ระบบไฟฟ้าและสื่อสาร,L7,detail,4.1,หลอด LED E27 5W Cool Daylight,11.0,ชุด,1375.0,0.0,1375.0
C,C. ระบบไฟฟ้าและสื่อสาร,L7,detail,4.2,โคมไฟ LED panel 40W 30x120 ซม,58.0,ชุด,80620.0,7830.0,88450.0
C,C. ระบบไฟฟ้าและสื่อสาร,L7,detail,4.3,โคมไฟติดลอย LED T5 1x13W Philips หรือเทียบเท่า,206.0,ชุด,51500.0,23690.0,75190.0
C,C. ระบบไฟฟ้าและสื่อสาร,L7,detail,4.4,LED HIGH BAY 200W DL รุ่น BY239/240LM สีดำ หรือเทียบเท่า,9.0,ชุด,38700.0,5850.0,44550.0
C,C. ระบบไฟฟ้าและสื่อสาร,L7,detail,4.5,โคม LED LOW BAY 100W DL,1.0,ชุด,2900.0,650.0,3550.0
C,C. ระบบไฟฟ้าและสื่อสาร,L7,detail,4.6,โคมไฟติดผนัง LED E27 ขนาด 9x15.5x16 ซม,20.0,ชุด,29000.0,2300.0,31300.0
C,C. ระบบไฟฟ้าและสื่อสาร,L7,detail,4.2,หลอด LED E27 8W Cool Daylight,20.0,ชุด,2500.0,0.0,2500.0
C,C. ระบบไฟฟ้าและสื่อสาร,L7,detail,4.7,โคมกันน้ำกันฝุ่น IP65 LED-T8 1x18W,9.0,ชุด,6210.0,1215.0,7425.0
C,C. ระบบไฟฟ้าและสื่อสาร,L7,detail,4.3,หลอด LED T8 1x18W,9.0,ชุด,1152.0,0.0,1152.0
C,C. ระบบไฟฟ้าและสื่อสาร,L7,detail,5.1,Switch 1 Way 1 Gang Panasonic หรือเทียบเท่า,8.0,ชุด,760.0,640.0,1400.0
C,C. ระบบไฟฟ้าและสื่อสาร,L7,detail,5.2,Switch 1 Way 2 Gang Panasonic หรือเทียบเท่า,8.0,ชุด,1000.0,640.0,1640.0
C,C. ระบบไฟฟ้าและสื่อสาร,L7,detail,5.3,Switch 1 Way 3 Gang Panasonic หรือเทียบเท่า,1.0,ชุด,155.0,80.0,235.0
C,C. ระบบไฟฟ้าและสื่อสาร,L7,detail,5.4,Switch 1 Way 4 Gang Panasonic หรือเทียบเท่า,3.0,ชุด,756.0,240.0,996.0
C,C. ระบบไฟฟ้าและสื่อสาร,L7,detail,5.5,Switch 1 Way 6 Gang Panasonic หรือเทียบเท่า,4.0,ชุด,1248.0,320.0,1568.0
C,C. ระบบไฟฟ้าและสื่อสาร,L7,detail,5.6,Switch 2 Way 1 Gang Panasonic หรือเทียบเท่า,2.0,ชุด,260.0,160.0,420.0
C,C. ระบบไฟฟ้าและสื่อสาร,L7,detail,5.7,เต้ารับคู่ ขากลมแบน มีกราวน์ Panasonic หรือเทียบเท่า,80.0,ชุด,10708.0,7200.0,17908.0
C,C. ระบบไฟฟ้าและสื่อสาร,L7,detail,5.8,POWER PLUG 4 ขา 16A,6.0,ชุด,1572.0,471.59999999999997,2043.6
C,C. ระบบไฟฟ้าและสื่อสาร,L7,detail,6.1,สายเมนและตู้แผงสวิตช์รวมฝั่ง AR-25,0.0,,0.0,0.0,0.0
C,C. ระบบไฟฟ้าและสื่อสาร,L7,detail,6.1,Copper cable XLPE 0.6/1 kV 185 sq.mm,240.0,ม.,266364.00000000006,24192.000000000004,290556.00000000006
C,C. ระบบไฟฟ้าและสื่อสาร,L7,detail,6.2,รื้อถอนตู้ตั้งพื้นภายใน (ของเดิม),1.0,EA,0.0,8489.25,8489.25
C,C. ระบบไฟฟ้าและสื่อสาร,L7,detail,6.3,ตู้ตั้งพื้นภายใน (ของเดิม ติดตั้งกลับ),1.0,EA,0.0,8489.25,8489.25
C,C. ระบบไฟฟ้าและสื่อสาร,L7,detail,6.4,รื้อย้ายต่อบัสบาร์ประกอบตู้ตั้งพื้นภายใน (A-B),1.0,EA,42000.0,8489.25,50489.25
C,C. ระบบไฟฟ้าและสื่อสาร,L7,detail,6.5,อุปกรณ์เบ็ดเตล็ด (ของค่าพัสดุ),1.0,งาน,22819.219500000003,0.0,22819.219500000003
C,C. ระบบไฟฟ้าและสื่อสาร,L7,detail,6.2,Raceway สายเมนฝั่ง AR-25,0.0,,0.0,0.0,0.0
C,C. ระบบไฟฟ้าและสื่อสาร,L7,detail,6.6,HDG. Cabletray 700x2440mm(2mm)+Cover,6.0,SET,43104.600000000006,2050.65,45155.25000000001
C,C. ระบบไฟฟ้าและสื่อสาร,L7,detail,6.7,HDG. PULL BOX 60x60x60 cm,1.0,EA,13860.0,154.35,14014.35
C,C. ระบบไฟฟ้าและสื่อสาร,L7,detail,6.8,CableTypeIEC01(Ewi) 1x95sq.mm. (450/750V),10.0,ม.,4676.4,639.45,5315.849999999999
C,C. ระบบไฟฟ้าและสื่อสาร,L7,detail,6.9,PVC Conduit(1*) 25mm.x4m.(3mm.) /SCG (ช้าง),2.0,ท่อน,254.10000000000002,60.648,314.74800000000005
C,C. ระบบไฟฟ้าและสื่อสาร,L7,detail,6.10,Concrete Inspection Pit 310x310x192,1.0,EA,1417.5,577.5,1995.0
C,C. ระบบไฟฟ้าและสื่อสาร,L7,detail,6.11,CAD One Time Bar to Cable 95 sq.mm,1.0,EA,450.45000000000005,69.3,519.75
C,C. ระบบไฟฟ้าและสื่อสาร,L7,detail,6.12,อุปกรณ์เบ็ดเตล็ด (ของค่าพัสดุ),1.0,งาน,16134.0375,0.0,16134.0375
C,C. ระบบไฟฟ้าและสื่อสาร,L7,detail,6.3,สายป้อนกลุ่มฝั่งอาคารฝั่ง AR-25 (ของเดิม),0.0,,0.0,0.0,0.0
C,C. ระบบไฟฟ้าและสื่อสาร,L7,detail,6.13,Copper cable XLPE 0.6/1 kV 185 sq.mm,200.0,ม.,221970.00000000003,20160.000000000004,242130.00000000003
C,C. ระบบไฟฟ้าและสื่อสาร,L7,detail,6.14,Copper cable XLPE 0.6/1 kV 95 sq.mm,200.0,ม.,111300.0,15540.0,126840.0
C,C. ระบบไฟฟ้าและสื่อสาร,L7,detail,6.15,อุปกรณ์เบ็ดเตล็ด (ของค่าพัสดุ),1.0,งาน,29994.300000000003,0.0,29994.300000000003
C,C. ระบบไฟฟ้าและสื่อสาร,L7,detail,6.4,Raceway สายป้อนกลุ่มฝั่งอาคารฝั่ง AR-25,0.0,,0.0,0.0,0.0
C,C. ระบบไฟฟ้าและสื่อสาร,L7,detail,6.16,HDG.Cabletray 700x2440mm(2mm)+Cover,4.0,SET,28736.4,1367.1000000000001,30103.5
C,C. ระบบไฟฟ้าและสื่อสาร,L7,detail,6.17,HDG. PULL BOX 60x60x50 cm,1.0,EA,12012.0,154.35,12166.35
C,C. ระบบไฟฟ้าและสื่อสาร,L7,detail,6.18,Epoxy Cabletray Straight,3.0,SET,10930.5,694.575,11625.075
C,C. ระบบไฟฟ้าและสื่อสาร,L7,detail,6.19,อุปกรณ์เบ็ดเตล็ด (ของค่าพัสดุ),1.0,งาน,12919.725,0.0,12919.725
C,C. ระบบไฟฟ้าและสื่อสาร,L7,detail,6.5,สายป้อนอาคารเซรามิก AR-21,0.0,,0.0,0.0,0.0
C,C. ระบบไฟฟ้าและสื่อสาร,L7,detail,6.20,Copper cable XLPE 0.6/1 kV 70 sq.mm,500.0,ม.,207375.0,36225.0,243600.0
C,C. ระบบไฟฟ้าและสื่อสาร,L7,detail,6.21,CableTypeIEC01(Ewi) 1x16 sq.mm. (450/750V),100.0,ม.,8337.0,2315.2500000000005,10652.25
C,C. ระบบไฟฟ้าและสื่อสาร,L7,detail,6.22,ค่าตัดต่อสายป้อน,3.0,จุด,1575.0,1575.0,3150.0
C,C. ระบบไฟฟ้าและสื่อสาร,L7,detail,6.23,อุปกรณ์เบ็ดเตล็ด (ของค่าพัสดุ),1.0,งาน,19656.0,0.0,19656.0
C,C. ระบบไฟฟ้าและสื่อสาร,L7,detail,6.24,ค่ารื้อถอน (ของค่าแรง),1.0,งาน,0.0,10028.8125,10028.8125
C,C. ระบบไฟฟ้าและสื่อสาร,L7,detail,6.6,Raceway สายป้อน AR-21,0.0,,0.0,0.0,0.0
C,C. ระบบไฟฟ้าและสื่อสาร,L7,detail,6.25,IMC Conduit 2-1/2 in. x10 ft (TIS),40.0,EA,58800.0,7673.400000000001,66473.4
C,C. ระบบไฟฟ้าและสื่อสาร,L7,detail,6.26,HDG. PULL BOX 20x20x20,4.0,EA,6283.2,310.8,6594.0
C,C. ระบบไฟฟ้าและสื่อสาร,L7,detail,6.27,อุปกรณ์เบ็ดเตล็ด (ของค่าพัสดุ),1.0,งาน,16270.800000000001,0.0,16270.800000000001
C,C. ระบบไฟฟ้าและสื่อสาร,L7,detail,6.28,ค่ารื้อถอน (ของค่าแรง),1.0,งาน,0.0,1996.0500000000002,1996.0500000000002
C,C. ระบบไฟฟ้าและสื่อสาร,L7,detail,7.1,งานระบบปรับอากาศ,0.0,,0.0,0.0,0.0
C,C. ระบบไฟฟ้าและสื่อสาร,L7,detail,7.1,สายไฟ,0.0,,0.0,0.0,0.0
C,C. ระบบไฟฟ้าและสื่อสาร,L7,detail,7.2,สาย IEC01 เบอร์ 6 Sq.mm,152.0,ม.,4851.84,1824.0,6675.84
C,C. ระบบไฟฟ้าและสื่อสาร,L7,detail,7.3,สาย IEC01 เบอร์ 4 Sq.mm,1496.0,ม.,31371.12,14960.0,46331.119999999995
C,C. ระบบไฟฟ้าและสื่อสาร,L7,detail,7.4,สาย IEC01 เบอร์ 2.5 Sq.mm,724.0,ม.,9629.2,5068.0,14697.2
C,C. ระบบไฟฟ้าและสื่อสาร,L7,detail,7.5,"ท่อ EMT 1""",54.0,ม.,3492.1800000000003,1512.0,5004.18
C,C. ระบบไฟฟ้าและสื่อสาร,L7,detail,7.6,"ท่อ EMT 1/2""",588.0,ม.,17445.960000000003,12936.0,30381.960000000003
C,C. ระบบไฟฟ้าและสื่อสาร,L7,detail,7.7,Accessories,1.0,งาน,20037.09,6011.1269999999995,26048.217
C,C. ระบบไฟฟ้าและสื่อสาร,L7,detail,7.8,ค่าติดตั้งส่วนเกินมาตรฐาน,15.0,ชุด,63000.0,0.0,63000.0
C,C. ระบบไฟฟ้าและสื่อสาร,L7,detail,7.9,ค่ารื้อติดตั้งใหม่เครื่องปรับอากาศเดิม,6.0,ชุด,9000.0,0.0,9000.0
C,C. ระบบไฟฟ้าและสื่อสาร,L7,detail,7.2,งานระบบ Access Control,0.0,,0.0,0.0,0.0
C,C. ระบบไฟฟ้าและสื่อสาร,L7,detail,7.10,ค่าติดตั้งอุปกรณ์ รวมเทรนนิ่งและเซ็ตติ้งระบบของเครื่อง,2.0,งาน,14960.0,0.0,14960.0
C,C. ระบบไฟฟ้าและสื่อสาร,L7,detail,7.11,"ค่าเดินสาย Net work (ท่อเหล็ก, สายCAT6, สายไฟ, ร้อยท่อ เดินสาย, Acc.)",1.0,งาน,21026.666666666668,0.0,21026.666666666668
C,C. ระบบไฟฟ้าและสื่อสาร,L7,detail,7.12,Commissioning และ Testing (งานเชื่อมต่อระบบ),1.0,งาน,6300.0,0.0,6300.0
C,C. ระบบไฟฟ้าและสื่อสาร,L7,detail,7.3,ค่าติดตั้งพัดลมดูดอากาศ แบบมีท่อ flex ระบายอากาศ และหน้ากากกันแมลง,2.0,ชุด,1700.0,800.0,2500.0
C,C. ระบบไฟฟ้าและสื่อสาร,L7,detail,7.13,หมายเหตุ,0.0,,0.0,0.0,0.0
C,C. ระบบไฟฟ้าและสื่อสาร,L7,detail,7.14,"ตู้ MDB MAIN, ตู้ LOAD CENTER และอุปกรณ์ประกอบ ใช้ของ Square D, Schneider หรือเทียบเท่า",0.0,,0.0,0.0,0.0
C,C. ระบบไฟฟ้าและสื่อสาร,L7,detail,7.15,"สายไฟฟ้า ใช้ของ Yazaki, Bangkok Cable หรือเทียบเท่า",0.0,,0.0,0.0,0.0
C,C. ระบบไฟฟ้าและสื่อสาร,L7,detail,7.16,อุปกรณ์ไฟฟ้าต่างๆ สามารถเสนอเทียบเท่าโดยนำรูปแบบเสนอเพื่อขออนุมัติก่อนการใช้งานจริง,0.0,,0.0,0.0,0.0
E,E. ระบบประปาและสุขาภิบาล,ระบบประปาและสุขาภิบาล,detail,1.1,DIA 1/2”,36.0,ม.,400.68,1080.0,1480.68
E,E. ระบบประปาและสุขาภิบาล,ระบบประปาและสุขาภิบาล,detail,1.2,DIA 3/4”,16.0,ม.,215.84,480.0,695.84
E,E. ระบบประปาและสุขาภิบาล,ระบบประปาและสุขาภิบาล,detail,1.3,DIA 1”,16.0,ม.,339.2,480.0,819.2
E,E. ระบบประปาและสุขาภิบาล,ระบบประปาและสุขาภิบาล,detail,1.4,FITTING,1.0,งาน,382.288,114.6864,496.9744
E,E. ระบบประปาและสุขาภิบาล,ระบบประปาและสุขาภิบาล,detail,1.5,Hanger & Supports,1.0,งาน,286.716,86.0148,372.7308
E,E. ระบบประปาและสุขาภิบาล,ระบบประปาและสุขาภิบาล,detail,1.6,ทดสอบ ทำความสะอาด ทาสีทำสัญลักษณ์ท่อ,2.0,งาน,191.144,57.3432,248.4872
E,E. ระบบประปาและสุขาภิบาล,ระบบประปาและสุขาภิบาล,detail,1.7,มิเตอร์ 1 นิ้ว ชนิดใบพัดระบบแม่เหล็กสองชั้น,1.0,ชุด,2053.27,200.0,2253.27
E,E. ระบบประปาและสุขาภิบาล,ระบบประปาและสุขาภิบาล,detail,1.8,gate valve,4.0,ชุด,1380.0,800.0,2180.0
E,E. ระบบประปาและสุขาภิบาล,ระบบประปาและสุขาภิบาล,detail,2.1,DIA 2”,64.0,ม.,2422.4,2560.0,4982.4
E,E. ระบบประปาและสุขาภิบาล,ระบบประปาและสุขาภิบาล,detail,2.2,DIA 4”,19.0,ม.,2557.0200000000004,1900.0,4457.02
E,E. ระบบประปาและสุขาภิบาล,ระบบประปาและสุขาภิบาล,detail,2.1,FITTING,1.0,งาน,1991.768,597.5304,2589.2984
E,E. ระบบประปาและสุขาภิบาล,ระบบประปาและสุขาภิบาล,detail,2.2,Hanger & Supports,1.0,งาน,1493.826,448.1478,1941.9738
E,E. ระบบประปาและสุขาภิบาล,ระบบประปาและสุขาภิบาล,detail,2.3,ทดสอบ ทำความสะอาด ทาสีทำสัญลักษณ์ท่อ,1.0,งาน,497.942,149.3826,647.3246
E,E. ระบบประปาและสุขาภิบาล,ระบบประปาและสุขาภิบาล,detail,2.2,ท่อน้ำฝน DIA 4”,12.0,ม.,1614.96,1200.0,2814.96
E,E. ระบบประปาและสุขาภิบาล,ระบบประปาและสุขาภิบาล,detail,2.4,FITTING,1.0,งาน,53.83200000000001,16.149600000000003,69.98160000000001
E,E. ระบบประปาและสุขาภิบาล,ระบบประปาและสุขาภิบาล,detail,2.5,Hanger & Supports,1.0,งาน,40.374,12.1122,52.486200000000004
E,E. ระบบประปาและสุขาภิบาล,ระบบประปาและสุขาภิบาล,detail,2.6,ทดสอบ ทำความสะอาด ทาสีทำสัญลักษณ์ท่อ,1.0,งาน,13.458000000000002,4.037400000000001,17.495400000000004
E,E. ระบบประปาและสุขาภิบาล,ระบบประปาและสุขาภิบาล,detail,2.7,"ตะแกรงระบายน้ำ (roof drain) แบบสวม เหล็กหล่อ สำหรับท่อ 4""",2.0,จุด,570.0,150.0,720.0
E,E. ระบบประปาและสุขาภิบาล,ระบบประปาและสุขาภิบาล,detail,2.8,"ทาสีท่อระบายน้ำฝน PVC 4"" (ระบุสีภายหลัง)",28.0,ตร.ม.,1036.0,952.0,1988.0
E,E. ระบบประปาและสุขาภิบาล,ระบบประปาและสุขาภิบาล,detail,3.1,โครงสร้าง คสล. รับถังบำบัดน้ำเสียและถังเก็บน้ำ ชนิดฝังดิน,0.0,,0.0,0.0,0.0
E,E. ระบบประปาและสุขาภิบาล,ระบบประปาและสุขาภิบาล,detail,3.1,เสาเข็ม หกเหลี่ยม 0.15 ยาว 4 เมตร,8.0,ต้น,3068.0,1024.0,4092.0
E,E. ระบบประปาและสุขาภิบาล,ระบบประปาและสุขาภิบาล,detail,3.2,คอนกรีตผสมเสร็จรูป รูปทรงกระบอก 210 กก./ตร.ซม,1.17,ลบ.ม.,2890.602,545.2199999999999,3435.8219999999997
E,E. ระบบประปาและสุขาภิบาล,ระบบประปาและสุขาภิบาล,detail,3.3,Wiremesh 4 mm. #0.20 m,5.85,ตร.ม.,187.2,29.25,216.45
E,E. ระบบประปาและสุขาภิบาล,ระบบประปาและสุขาภิบาล,detail,3.4,ขุดดิน,10.0,ลบ.ม.,0.0,600.0,600.0
E,E. ระบบประปาและสุขาภิบาล,ระบบประปาและสุขาภิบาล,detail,3.5,ถมทรายหยาบกลับ,5.0,ลบ.ม.,2550.0,520.0,3070.0
FURN,งานครุภัณฑ์,,detail,1.1,"ถังบำบัดน้ำเสีย ไม่มีระบบเติมอากาศ พร้อมอุปกรณ์ ขนาด 3,000 ลิตร",1.0,ชุด,33290.0,0.0,33290.0
FURN,งานครุภัณฑ์,,detail,1.2,ถังเก็บน้ำ ขนาด 2000 ลิตร Paradise Duraflex DOS รุ่น DE-56/SR-2000L สีทราย หรือเทียบเท่า,1.0,ชุด,14690.0,0.0,14690.0
FURN,งานครุภัณฑ์,,detail,1.3,ปั๊มน้ำอัตโนมัติ 350 วัตต์ Mitsubishi หรือเทียบเท่า,1.0,ชุด,9100.0,0.0,9100.0
FURN,งานครุภัณฑ์,,detail,1.4,ถังดับเพลิงชนิดผงเคมีแห้ง 10 lb มอก,0.0,ชุด,0.0,0.0,0.0
FURN,งานครุภัณฑ์,,detail,1.5,เครื่องดับเพลิงชนิดคาร์บอนไดออกไซด์ 10 lb,0.0,ชุด,0.0,0.0,0.0
FURN,งานครุภัณฑ์,,detail,1.6,ถังดับเพลิงชนิดน้ำยาเหลวระเหย 10 lb มอก,0.0,ชุด,0.0,0.0,0.0
FURN,งานครุภัณฑ์,,detail,1.7,Exit & Fire Exit Sign LED w/Battery,0.0,ชุด,0.0,0.0,0.0
FURN,งานครุภัณฑ์,,detail,1.8,Emergency Battery Light w/ 2 x 6W LED,0.0,ชุด,0.0,0.0,0.0
FURN,งานครุภัณฑ์,,detail,1.9,ระบบ Access Control,0.0,,0.0,0.0,0.0
FURN,งานครุภัณฑ์,,detail,1.10,เครื่องสแกน Fingerprint Access Control Terminal Model: SenseFace 3,2.0,เครื่อง,19160.0,0.0,19160.0
FURN,งานครุภัณฑ์,,detail,1.11,Power Supply 12 VDC,2.0,ชุด,2780.0,0.0,2780.0
FURN,งานครุภัณฑ์,,detail,1.12,Magnetic Door Contact 600 lb + LZ Bracket,3.0,ชิ้น,5895.0,0.0,5895.0
FURN,งานครุภัณฑ์,,detail,1.13,Baterry 7.0 Ah,3.0,ชิ้น,1680.0,0.0,1680.0
FURN,งานครุภัณฑ์,,detail,1.14,Emergency breakglass,3.0,ชิ้น,1920.0,0.0,1920.0
FURN,งานครุภัณฑ์,,detail,1.15,Exit Switch No Touch,3.0,ชิ้น,2085.0,0.0,2085.0
FURN,งานครุภัณฑ์,,detail,1.16,ระบบปรับอากาศ,0.0,,0.0,0.0,0.0
FURN,งานครุภัณฑ์,,detail,1.17,"เครื่องปรับอากาศ ชนิดแขวน ขนาด 24,000 Btu/hr (Inverter)",8.0,ชุด,305800.0,0.0,305800.0
FURN,งานครุภัณฑ์,,detail,1.18,"เครื่องปรับอากาศ ชนิดแขวน ขนาด 30,000 Btu/hr (Inverter)",1.0,ชุด,44112.0,0.0,44112.0
FURN,งานครุภัณฑ์,,detail,1.19,เครื่องหมุนเวียนอากาศ (ERV) แบบติดผนัง,0.0,ชุด,0.0,0.0,0.0
FURN,งานครุภัณฑ์,,detail,1.20,พัดลมดูดอากาศแบบฝังฝ้าเพดาน ขนาด 4 นิ้ว พร้อมท่อระบายอากาศ,2.0,ชุด,4360.0,0.0,4360.0
FURN,งานครุภัณฑ์,,detail,1.21,พัดลมระบายอากาศ ติดผนัง ใบพัด 10 นิ้ว พร้อมฝาครอบภายนอก,1.0,ชุด,1730.0,0.0,1730.0
FURN,งานครุภัณฑ์,,detail,1.22,หมายเหตุ,0.0,,0.0,0.0,0.0
FURN,งานครุภัณฑ์,,detail,1.23,"เครื่องปรับอากาศ ใช้ของ Mitsubishi electric, daikin หรือเทียบเท่า",0.0,,0.0,0.0,0.0
FURN,งานครุภัณฑ์,,detail,1.24,รวมอุปกรณ์ รางครอบท่อ,0.0,,0.0,0.0,0.0
FURN,งานครุภัณฑ์,,detail,1.25,และต้องเข้ามาล้างทำความสะอาดอย่างน้อยปีละ 2 ครั้ง ตลอดช่วงระยะเวลารับประกันผลงาน,0.0,,0.0,0.0,0.0
FURN,งานครุภัณฑ์,,detail,1.26,ระบบจัดเก็บฝุ่นละอองสำหรับงานไม้พร้อมไซโลสำหรับเก็บ,1.0,ระบบ,1358900.0,0.0,1358900.0
FURN,งานครุภัณฑ์,,detail,1.27,เครื่องดูดฝุ่นแบบ Dust Suction Vibration Unit System,2.0,เครื่อง,0.0,0.0,0.0
FURN,งานครุภัณฑ์,,detail,1.28,ชุดถังไซโคลน,2.0,ชุด,0.0,0.0,0.0
FURN,งานครุภัณฑ์,,detail,1.29,ชุดท่อดูดฝุ่น,2.0,ชุด,0.0,0.0,0.0
FURN,งานครุภัณฑ์,,detail,1.30,ชุดตู้คอนโทรลขนาด 30 แรงม้า,2.0,ชุด,0.0,0.0,0.0
SPEC,ค่าใช้จ่ายพิเศษอื่น,,detail,1.1,รั้วชั่วคราว ปิดกันพื้นที่รอบโครงการ,120.0,ม.,30000.0,18000.0,48000.0
SPEC,ค่าใช้จ่ายพิเศษอื่น,,detail,1.2,ค่ารถพาหนะส่งคนงาน ไป-กลับ,240.0,วัน,0.0,144000.0,144000.0
SPEC,ค่าใช้จ่ายพิเศษอื่น,,detail,1.3,ค่าเช่ารถเครน 25 ตัน,5.0,วัน,0.0,72575.0,72575.0
SPEC,ค่าใช้จ่ายพิเศษอื่น,,detail,1.4,นั่งร้านเหล็ก,10.0,ชุด,14900.0,500.0,15400.0
SPEC,ค่าใช้จ่ายพิเศษอื่น,,detail,2.1,ทดสอบแรงดัด (Bending Test),0.0,,0.0,0.0,0.0
SPEC,ค่าใช้จ่ายพิเศษอื่น,,detail,2.1,ทดสอบชิ้นไม้คาน 2 type,6.0,งาน,0.0,36000.0,36000.0
SPEC,ค่าใช้จ่ายพิเศษอื่น,,detail,2.2,ทดสอบชิ้นไม้พื้น 2 type,6.0,งาน,0.0,36000.0,36000.0
SPEC,ค่าใช้จ่ายพิเศษอื่น,,detail,2.3,ทดสอบชิ้นไม้แป 1 type,3.0,งาน,0.0,18000.0,18000.0
SPEC,ค่าใช้จ่ายพิเศษอื่น,,detail,2.4,ทดสอบชิ้นไม้เสา 1 type,3.0,งาน,0.0,18000.0,18000.0
SPEC,ค่าใช้จ่ายพิเศษอื่น,,detail,2.2,ทดสอบแรงเฉือน (Shear Test),0.0,,0.0,0.0,0.0
SPEC,ค่าใช้จ่ายพิเศษอื่น,,detail,2.5,ทดสอบชิ้นไม้คาน 2 type,6.0,งาน,0.0,12000.0,12000.0
SPEC,ค่าใช้จ่ายพิเศษอื่น,,detail,2.6,ทดสอบชิ้นไม้พื้น 2 type,6.0,งาน,0.0,12000.0,12000.0
SPEC,ค่าใช้จ่ายพิเศษอื่น,,detail,2.7,ทดสอบชิ้นไม้แป 1 type,3.0,งาน,0.0,6000.0,6000.0
SPEC,ค่าใช้จ่ายพิเศษอื่น,,detail,2.8,ทดสอบชิ้นไม้เสา 1 type,3.0,งาน,0.0,6000.0,6000.0
SPEC,ค่าใช้จ่ายพิเศษอื่น,,detail,2.3,ทดสอบแรงเฉือนแนวกาว (Glue line shear Test),0.0,งาน,0.0,0.0,0.0
SPEC,ค่าใช้จ่ายพิเศษอื่น,,detail,2.4,ทดสอบการยึดประสานกาว (Delamination Test),0.0,งาน,0.0,0.0,0.0
SPEC,ค่าใช้จ่ายพิเศษอื่น,,detail,2.5,ทดสอบรอยต่อ (3 จุด ๆ ละ 1 ตัวอย่าง) Joint Test,0.0,งาน,0.0,0.0,0.0
SPEC,ค่าใช้จ่ายพิเศษอื่น,,detail,2.3,ค่าชิ้นงานตัวอย่าง,0.0,,0.0,0.0,0.0
SPEC,ค่าใช้จ่ายพิเศษอื่น,,detail,2.9,คาน B3 Glulam 200 มม.x400 มม. ยาว 8.10 ม,1.0,ท่อน,27867.84,4665.6,32533.440000000002
SPEC,ค่าใช้จ่ายพิเศษอื่น,,detail,2.10,คาน B7 Glulam 400 มม.x700 มม. ยาว 5.60 ม,1.0,ท่อน,64438.92,11289.6,75728.52
SPEC,ค่าใช้จ่ายพิเศษอื่น,,detail,2.11,พื้น PF1 CLT 200 มม.x500 มม. ยาว 4.00 ม,1.0,ท่อน,16305.12,2880.0,19185.120000000003
SPEC,ค่าใช้จ่ายพิเศษอื่น,,detail,2.12,พื้น PF2 CLT 150 มม.x500 มม. ยาว 2.85 ม,1.0,ท่อน,8730.54,1539.0,10269.54
SPEC,ค่าใช้จ่ายพิเศษอื่น,,detail,2.13,แปไม้ประสานกาว Glulam ขนาด 50 มม. x 100 มม. ยาว 4.00 ม,1.0,ท่อน,940.68,144.0,1084.6799999999998
SPEC,ค่าใช้จ่ายพิเศษอื่น,,detail,2.14,เสา C3 Glulam 200 มม.x400 มม. ยาว 3.84 ม,1.0,ท่อน,11325.6,1889.28,13214.880000000001
SPEC,ค่าใช้จ่ายพิเศษอื่น,,detail,2.15,ชิ้นไม้ประสานกาว Glulam ตัวอย่าง ขนาด 200x400 มม. ยาว 1.00 ม,0.0,ท่อน,0.0,0.0,0.0
SPEC,ค่าใช้จ่ายพิเศษอื่น,,detail,2.16,B6-C3-B3-B6,1.0,ชุด,0.0,0.0,0.0
SPEC,ค่าใช้จ่ายพิเศษอื่น,,detail,2.17,JE6,1.0,ชุด,8438.21,2953.37,11391.579999999998
SPEC,ค่าใช้จ่ายพิเศษอื่น,,detail,2.18,ไม้ประสานกาว Glulam ขนาด 200 มม. x 400 มม. ยาว 1.00 ม,3.0,ท่อน,10501.92,1728.0,12229.92
SPEC,ค่าใช้จ่ายพิเศษอื่น,,detail,2.19,B4-B7,1.0,ชุด,0.0,0.0,0.0
SPEC,ค่าใช้จ่ายพิเศษอื่น,,detail,2.20,JE10,1.0,ชุด,3101.46,1085.51,4186.97
SPEC,ค่าใช้จ่ายพิเศษอื่น,,detail,2.21,ไม้ประสานกาว Glulam ขนาด 200 มม. x 500 มม. ยาว 1.00 ม,1.0,ท่อน,4375.8,720.0,5095.8
SPEC,ค่าใช้จ่ายพิเศษอื่น,,detail,2.22,ไม้ประสานกาว Glulam ขนาด 300 มม. x 700 มม. ยาว 2.00 ม,1.0,ท่อน,17646.72,3024.0,20670.72
SPEC,ค่าใช้จ่ายพิเศษอื่น,,detail,2.23,C3-B7-B4,1.0,ชุด,0.0,0.0,0.0
SPEC,ค่าใช้จ่ายพิเศษอื่น,,detail,2.24,JE11,1.0,ชุด,14640.71,5124.25,19764.96
SPEC,ค่าใช้จ่ายพิเศษอื่น,,detail,2.25,ไม้ประสานกาว Glulam ขนาด 200 มม. x 400 มม. ยาว 1.00 ม,1.0,ท่อน,3500.64,576.0,4076.64
SPEC,ค่าใช้จ่ายพิเศษอื่น,,detail,2.26,ไม้ประสานกาว Glulam ขนาด 200 มม. x 500 มม. ยาว 1.00 ม,1.0,ท่อน,4375.8,720.0,5095.8
SPEC,ค่าใช้จ่ายพิเศษอื่น,,detail,2.27,ไม้ประสานกาว Glulam ขนาด 300 มม. x 700 มม. ยาว 2.00 ม,1.0,ท่อน,17646.72,3024.0,20670.72
SPEC,ค่าใช้จ่ายพิเศษอื่น,,detail,2.28,หมายเหตุ,0.0,,0.0,0.0,0.0
SPEC,ค่าใช้จ่ายพิเศษอื่น,,detail,2.29,งานทดสอบโครงสร้าง ให้ทดสอบโดย วิศวกรรมโยธา สจล. หรือหน่วยงานที่เชื่อถือได้,0.0,,0.0,0.0,0.0
